wer,cer,time,memory,transcription,reference,model,dataset,sample_idx
0.375,0.13636363636363635,1.1972968578338623,368.80859375,HE WAS BURIED IN LAHOR NEAR ANNACOLLI BAZAR,He was buried in Lahore near Anarkali Bazaar.,wav2vec2-small,CommonVoice2,0
0.15384615384615385,0.03125,1.1660902500152588,53.35546875,A DOG TRYING TO CATCH BOBBLES FROM A BOBBLE MACHINE IN THE GRASS,A dog trying to catch bubbles from a bubble machine in the grass,wav2vec2-small,CommonVoice2,1
0.0,0.0,1.0161685943603516,23.078125,ONE SHOULD ALWAYS LEAVE A LIGHT BURNING IN AN EMPTY THEATRE,One should always leave a light burning in an empty theatre.,wav2vec2-small,CommonVoice2,2
0.21428571428571427,0.05,0.9691212177276611,-14.5625,LIKE THE ROMA IN GENERAL MANY DIFFERENT ETHANUMS ARE GIVEN TO SUB GROUPS OF ROMA,"Like the Roma in general, many different ethnonyms are given to subgroups of Roma.",wav2vec2-small,CommonVoice2,3
0.0,0.0,0.8125162124633789,-6.53125,SHE HAD TWO CHILDREN FROM HER FIRST MARRIAGE,She had two children from her first marriage.,wav2vec2-small,CommonVoice2,4
0.0,0.0,0.812309741973877,-0.4765625,CURRENTLY TWO SPECIES ARE RECOGNIZED,"Currently, two species are recognized.",wav2vec2-small,CommonVoice2,5
0.6363636363636364,0.12903225806451613,1.4421777725219727,20.0078125,EXAMPLES OF THERMOSETTING ADHESIVEZAR EPOXI POLY UROTHANE SCIENOACRILATE AND ACRILIC POLUMERS,"Examples of thermosetting adhesives are: epoxy, polyurethane, cyanoacrylate and acrylic polymers.",wav2vec2-small,CommonVoice2,6
0.3076923076923077,0.1111111111111111,1.1468477249145508,-0.56640625,HIS FATHER IS THE KING OF OSHARK'S ALSO KNOWN AS THE SHARPGOD,"His father is ""The King of All Sharks""-also known as the Shark god.",wav2vec2-small,CommonVoice2,7
0.5714285714285714,0.2222222222222222,0.602001428604126,20.87109375,WOR DE BISHOV SWITH SO MANY QUEENS,Who need bishops with so many queens?,wav2vec2-small,CommonVoice2,8
0.2222222222222222,0.08620689655172414,0.7430586814880371,-10.421875,FLIP WAS APPOINTED TO A NUMBER OF FOUNDATION LECTURSHOOPS,Flint was appointed to a number of foundation lectureships.,wav2vec2-small,CommonVoice2,9
0.1,0.015873015873015872,1.0006639957427979,-3.703125,MY ENITIAL ASSUMPTION ABOUT THE PHASE DISPLACED PULSE WAS WRONG,My initial assumption about the phase displaced pulse was wrong.,wav2vec2-small,CommonVoice2,10
0.0,0.0,1.3906092643737793,-0.48828125,HE WAS ALSO EMPLOYED THERE AS AN ASSISTANT PROFESSOR OF POLITICAL SCIENCE,He was also employed there as an assistant professor of political science.,wav2vec2-small,CommonVoice2,11
0.07692307692307693,0.05405405405405406,1.1074132919311523,0.2109375,THE BABILARITY OF THE PLAY CREATED A DEMAND FOR PUBLICATION OF THE STORIES,The popularity of the play created a demand for publication of the stories.,wav2vec2-small,CommonVoice2,12
0.3076923076923077,0.06329113924050633,1.2711691856384277,9.37109375,THE NATIVE RANGE FORMARLY EXTENDED SOUTH INTO THE GREAT LAKE BACIN IN MISHIGON,The native range formerly extended south into the Great Lakes basin in Michigan.,wav2vec2-small,CommonVoice2,13
0.08333333333333333,0.03571428571428571,0.9742622375488281,-6.48046875,I WANT TO BOOK A RESTRANT IN NEW MEXICO FOR TWO PEOPLE,I want to book a restaurant in New Mexico for two people.,wav2vec2-small,CommonVoice2,14
0.0,0.0,0.7244479656219482,1.6171875,A SMALL CHILD IS HELPING WITH GARDENING,A small child is helping with gardening.,wav2vec2-small,CommonVoice2,15
0.42857142857142855,0.13793103448275862,1.4650135040283203,9.109375,THE TRAIN CONTINUED NARTH TRANSIT POLISVOR NOTIFIED OF THE SITUATION AT FORDHUM ROD RO,The train continued north; transit police were notified of the situation at Fordham Road.,wav2vec2-small,CommonVoice2,16
0.1111111111111111,0.02040816326530612,0.8935825824737549,3.19140625,A GROUP OF STUDENTS ARE SITTING OUTSIDE ON CAMPAS,A group of students are sitting outside on campus.,wav2vec2-small,CommonVoice2,17
0.0,0.0,0.936100959777832,20.046875,THE TREE WAS BLOWN UP AND THE SOUND COULD BE HEARD FOR MILES,The tree was blown up and the sound could be heard for miles.,wav2vec2-small,CommonVoice2,18
0.16666666666666666,0.029411764705882353,1.3615145683288574,-19.640625,THIS AREA WAS UNDER THE SOUTHERN PART OF ANCIENT BENGA CALLED BANGA,This area was under the southern part of ancient Bengal called Vanga.,wav2vec2-small,CommonVoice2,19
0.45454545454545453,0.1111111111111111,1.2961256504058838,5.46875,THE ONE YEAR OLD SIMAPY WAS INSTEAD CREATED THE PRINCE OF FLANGI,The one-year-old Sima Pi was instead created the Prince of Langye.,wav2vec2-small,CommonVoice2,20
0.35714285714285715,0.11702127659574468,1.1677706241607666,0.53515625,THE AMOUNT OF ENDACTIVE CAPLING BHE TWAIN TWO CONDACTAS IS MEASURED BY THEIR MUTUAL INDUCTANCE,The amount of inductive coupling between two conductors is measured by their mutual inductance.,wav2vec2-small,CommonVoice2,21
1.0,0.425531914893617,1.1806070804595947,-3.40625,HO CUR TITER IS WOMAN I ONECIAP MYS TAR,Her current title is Woman International Master.,wav2vec2-small,CommonVoice2,22
0.36363636363636365,0.1,1.3768811225891113,7.375,CLARENT'S STRAIGHT IS LONG EXTENDING FROM DIXON ENTRANCE TO SUMLER STRAIGHT,"Clarence Strait is long, extending from Dixon Entrance to Sumner Strait.",wav2vec2-small,CommonVoice2,23
1.25,0.6666666666666666,1.0428433418273926,-0.16796875,THE OGLAN TO BEA CASLE OF THIS WAY SUGEST O PAPEDAY,The Auckland City Council recently purchased the property.,wav2vec2-small,CommonVoice2,24
0.2,0.06944444444444445,0.8462560176849365,23.34765625,A BIS LIS LOOKS BEHIND HIM TO CHACK ON A GIRL RIDING A BIKE BEHIND HIM,A bicyclist looks behind him to check on a girl riding a bike behind him.,wav2vec2-small,CommonVoice2,25
0.2857142857142857,0.045454545454545456,0.8623800277709961,-22.890625,THE CITY WAS PARTLY DESTROYED BY MITH RUDATES,The city was partly destroyed by Mithridates.,wav2vec2-small,CommonVoice2,26
0.08333333333333333,0.0136986301369863,1.0288221836090088,-3.265625,COMPETITION BEGINS AN APRIL AND THE FINAL IS NORMALLY PLAYED IN SEPTEMBER,"Competition begins in April, and the final is normally played in September.",wav2vec2-small,CommonVoice2,27
0.5,0.1951219512195122,1.374565839767456,2.1796875,PAVE THE STREETS AND SENTOR WATER AND SEAWOR SERVE ALL LOTS DEVOR WITH IN THE PLAN,Paved streets and central water and sewer serve all lots developed within the plan.,wav2vec2-small,CommonVoice2,28
0.15384615384615385,0.04838709677419355,0.9547040462493896,13.97265625,A BRID GETTING READY TO THROW HER BOUCUAT TO A GROUP OF WOMEN,A bride getting ready to throw her bouquet to a group of women.,wav2vec2-small,CommonVoice2,29
0.25,0.037037037037037035,1.0187969207763672,1.63671875,IT WAS DISTRIBUTED BY SO ANY PICTURES HOME ENTERTAINMENT,It was distributed by Sony Pictures Home Entertainment.,wav2vec2-small,CommonVoice2,30
0.375,0.16071428571428573,1.0846226215362549,1.22265625,THEREFORE MORE CONFLICT AND MORE LEATHLANDED DEGENERATED,"Therefore, more conflict and more lethal energy generated.",wav2vec2-small,CommonVoice2,31
0.75,0.3,0.988609790802002,-14.5546875,PLANT'S BREATHAD END,Plants breathe it in...,wav2vec2-small,CommonVoice2,32
0.1,0.031746031746031744,0.7683377265930176,6.046875,HE WANTED TO KNOW ABOUT THE STANASLOVSKI AND STRASBERG THEORIES,He wanted to know about the Stanislavski and Strasberg theories.,wav2vec2-small,CommonVoice2,33
0.25,0.1,1.0601341724395752,-2.70703125,WICH REMAINS THEIRE ONLY SINGLE TO LAND ON EITHER OF THE CHURPS,It remains their only single to land on either of the charts.,wav2vec2-small,CommonVoice2,34
0.4444444444444444,0.10344827586206896,1.0633544921875,5.79296875,OU A COLLECTIV RESEARCH HAS NOT CREATED A SINGLE ALGORRIDUM,Our collective research has not created a single algorithm.,wav2vec2-small,CommonVoice2,35
0.2857142857142857,0.04,1.1229333877563477,-3.46875,THE UNIVERSITY OVICE CHANCELLOR AND OTHER OFFICIALS WERE PRESENT AS ARMED PLICE SURROUNDED THE CAMPAS,The university vice-chancellor and other officials were present as armed police surrounded the campus.,wav2vec2-small,CommonVoice2,36
0.0,0.0,0.880821704864502,-0.7265625,HOWARD LAKE DEVELOPED AS A RAILROAD STATION,Howard Lake developed as a railroad station.,wav2vec2-small,CommonVoice2,37
0.5,0.06976744186046512,0.8687024116516113,0.87890625,THE STATION ALSO AS UNDER CURRENTS NIGHTLY,"The station also airs ""UnderCurrents"" nightly.",wav2vec2-small,CommonVoice2,38
0.0,0.0,0.7711856365203857,-0.1171875,A MAN PAINTS ON AN EASEL AS PEOPLE WALK BY,A man paints on an easel as people walk by.,wav2vec2-small,CommonVoice2,39
0.2,0.08,1.055558204650879,1.9140625,IN ONE QUICK MOOVE SHE ECTIWATED THE AFT CANNONS AND FIRED ON THE ANAMI SHIP,"In one quick move, she activated the aft cannons and fired on the enemy ship.",wav2vec2-small,CommonVoice2,40
0.2857142857142857,0.1411764705882353,1.4208824634552002,4.15234375,THE CHARACTER IS AN AATLANTION OF MARVEL SHARDS UNIVERSE KNOWN AS THE MOUTHOR UNIVERSE,"The character is an Atlantean of Marvel's shared universe, known as the Marvel Universe.",wav2vec2-small,CommonVoice2,41
0.0,0.0,0.5117170810699463,10.515625,AN OLD MAN SITS WITH A TRAY IN HIS LAP,An old man sits with a tray in his lap.,wav2vec2-small,CommonVoice2,42
0.36363636363636365,0.06944444444444445,1.1369757652282715,-10.94140625,ON OCCASION HE IS WORN AN ARMOURED BETTLE SUIT OF UNREVEALED CAPABILITIES,"On occasion, he has worn an armored battlesuit of unrevealed capabilities.",wav2vec2-small,CommonVoice2,43
1.6666666666666667,0.7272727272727273,0.9562311172485352,-0.22265625,IWE DRUS EVYLY ON A GROFF FEL AN MAGLA TO CLO WICH IN YER O E,It draws heavily on graph theory and mathematical logic.,wav2vec2-small,CommonVoice2,44
0.0,0.0,1.045699119567871,6.8359375,IT HAD A SMALL CHANCEL AND ITS EMBATTLED WESTERN TOWER CONTAINED A SINGLE BELL,It had a small chancel and its embattled western tower contained a single bell.,wav2vec2-small,CommonVoice2,45
0.0,0.0,0.525519847869873,-2.9921875,IT WAS ALL GONE NOW,It was all gone now.,wav2vec2-small,CommonVoice2,46
0.2,0.06557377049180328,0.9689426422119141,3.37109375,LATER HE BECAME PARSON'S DEPUTY FOR THE GUNTYPED FISHING WEAPON,Later he became Parsons' deputy for the gun-type fission weapon.,wav2vec2-small,CommonVoice2,47
0.2,0.038461538461538464,0.41596460342407227,-3.19921875,GIVE THIS NOVEL FOR STARS,Give this novel four stars,wav2vec2-small,CommonVoice2,48
0.15384615384615385,0.03896103896103896,1.1038463115692139,5.6640625,THE BRAVOS AND THE SAMPHATRICIOS WERE STATIONED ON THE LEFT BEHIND BARRICADES,"The ""Bravos"" and the ""San Patricios"" were stationed on the left, behind barricades.",wav2vec2-small,CommonVoice2,49
0.14285714285714285,0.018867924528301886,1.7236833572387695,9.24609375,AT THAT STATION THE SAFES WERE GIVEN OUT HEAVY WITH SHOT NOT GOLD THE THIEVES WENT ON TO DOVER AND BY AND BY,"At that station the safes were given out, heavy with shot, not gold; the thieves went on to Dover, and by-and-by,",wav2vec2-small,LJSpeech,0
0.14285714285714285,0.05714285714285714,0.4688737392425537,23.1171875,NO TRACES OF ITS MOTE HAVE APPEARED,No traces of its moat have appeared.,wav2vec2-small,LJSpeech,1
0.1111111111111111,0.028037383177570093,1.4559776782989502,-10.0078125,A NOTORIOUS MISER ROBERT SMITH HAD RECENTLY DIED IN SEVEN DILES WHERE HE HAD MASSED A CONSIDERABLE FORTUNE,"A notorious miser, Robert Smith, had recently died in Seven Dials, where he had amassed a considerable fortune.",wav2vec2-small,LJSpeech,2
0.0,0.0,0.4817967414855957,-1.3359375,NO ATTEMPT WAS MADE TO MAINTAIN DISCIPLINE,No attempt was made to maintain discipline.,wav2vec2-small,LJSpeech,3
0.0,0.0,1.197197437286377,-7.921875,FEW REALIZING THAT THE DREADFUL FATE WOULD OVERTAKE THEM DISMISSED THE PROSPECT OF DEATH,"Few realizing that the dreadful fate would overtake them, dismissed the prospect of death,",wav2vec2-small,LJSpeech,4
0.625,0.6666666666666666,1.4014286994934082,8.73046875,THIS PRICE INCLUDED NINETEEN DOLLARS NINETY FIVE CENTS FOR THE RIFLE AND THE SCOPE AND ONE DOLLAR FIFTY CENTS FOR POSTAGE IN HANDLING,"This price included $19.95 for the rifle and the scope, and $1.50 for postage and handling.",wav2vec2-small,LJSpeech,5
0.0,0.0,0.9664087295532227,-2.08984375,AND SHE MUST HAVE RUN DOWN THE STAIRS AHEAD OF OSWALD AND WOULD PROBABLY HAVE SEEN OR HEARD HIM,and she must have run down the stairs ahead of Oswald and would probably have seen or heard him.,wav2vec2-small,LJSpeech,6
0.25,0.15151515151515152,0.923241138458252,-12.21875,BRUR MET MICDONNELD AND THE OTHER POLICEMEN AT THE ALLEY EGGZET DOOR,"Brewer met McDonald and the other policemen at the alley exit door,",wav2vec2-small,LJSpeech,7
0.0,0.0,1.4322943687438965,3.99609375,THE ADMISSION OF A CROWD OF VISITORS TO ASSIST IN THESE LAY SERVICES HAS ALREADY BEEN REMARKED UPON AS THE INSPECTORS POINTED OUT,"The admission of a crowd of visitors to assist in these lay services has already been remarked upon; as the inspectors pointed out,",wav2vec2-small,LJSpeech,8
0.2222222222222222,0.023255813953488372,1.5698165893554688,1.17578125,NEXT THE OFFENCES OF RETURNING FROM TRANSPORTATION STEALING POST OFFICE LETTERS AND SACRELEGE WERE NO LONGER PUNISHABLE WITH DEATH,"next, the offenses of returning from transportation, stealing post-office letters, and sacrilege were no longer punishable with death.",wav2vec2-small,LJSpeech,9
0.0,0.0,1.0329475402832031,-4.3046875,SEEMS NECESSARY TO PRODUCE THE SAME RESULT OF JUSTICE AND RIGHT CONDUCT,seems necessary to produce the same result of justice and right conduct,wav2vec2-small,LJSpeech,10
0.0,0.0,0.9667620658874512,1.80078125,WITH SOME IMPORTANT MODIFICATIONS THIS PRINCIPLE OF RADIATION IS STILL THE RULE,With some important modifications this principle of radiation is still the rule.,wav2vec2-small,LJSpeech,11
0.25,0.0975609756097561,1.1332762241363525,2.01953125,WHEN HIS TEMPORARY RESIDENCE BLARE HOUSE WAS ATTACKED BY PORTERIQIAN NATIONALISTS,"when his temporary residence, Blair House, was attacked by Puerto Rican Nationalists.",wav2vec2-small,LJSpeech,12
0.2857142857142857,0.20224719101123595,1.3667140007019043,2.61328125,THE RECONSTRUCTION WAS THE MINAMUM TIME ACCORDINGLY SHE PROBABLY MET OSWALD AT ABOUT TWELVE THIRTY TWO,"The reconstruction was the minimum time. Accordingly, she probably met Oswald at about 12:32,",wav2vec2-small,LJSpeech,13
0.0,0.0,1.3880727291107178,-0.20703125,BESIDES THESE A NUMBER HAD THE PRIVILEGE OF A RUN ON THE KEY WHICH ALLOWED A PRISONER TO GO INTO THE RULES FOR THE DAY,"Besides these, a number had the privilege of a ""run on the key,"" which allowed a prisoner to go into the rules for the day.",wav2vec2-small,LJSpeech,14
0.15,0.1693548387096774,1.7349634170532227,2.5234375,ABUSES AND IRREGULARITIES WHICH HAD BEEN PARTIALLY REMEDIED BY THE REFORM INTRODUCED IN EIGHTEEN THIRTY SEVEN WERE ONCE MORE IN THE ASCENDANT,"Abuses and irregularities, which had been partially remedied by the reform introduced in 1837, were once more in the ascendant.",wav2vec2-small,LJSpeech,15
0.0,0.0,1.4980394840240479,-0.46484375,I HOPE THAT THEREBY THE DIFFICULT PROCESS OF CONSTITUTIONAL AMENDMENT MAY BE RENDERED UNNECESSARY BUT,"I hope that thereby the difficult process of constitutional amendment may be rendered unnecessary. But,",wav2vec2-small,LJSpeech,16
0.058823529411764705,0.009174311926605505,1.4320881366729736,-0.16015625,CAN BE DISTINGUISHED FROM THOSE ACTS OF CONTRACTION FOLLOWING UPON STIMULY WHICH ARE CALLED REFLEX IN ANIMALS,"can be distinguished from those acts of contraction following upon stimuli, which are called ""reflex"" in animals.",wav2vec2-small,LJSpeech,17
0.0,0.0,1.427506446838379,0.8046875,A WEIGHT OF SHOT WAS BOUGHT AND STOWED IN CARPET BAGS READY TO REPLACE EXACTLY THE ABSTRACTED GOLD,A weight of shot was bought and stowed in carpet bags ready to replace exactly the abstracted gold.,wav2vec2-small,LJSpeech,18
0.14285714285714285,0.03333333333333333,1.5697450637817383,0.80078125,THOU COVEREST THE FOWLESS DEEDS WITH THE FAIREST POSSIBLE NAME WHEN THOU SAYEST THY MAMING IS TO HELP OUR SEEGE FORWARD,"thou coverest the foulest deeds with the fairest possible name, when thou sayest thy maiming is to help our siege forward.",wav2vec2-small,LJSpeech,19
0.1,0.009009009009009009,1.3843140602111816,0.34765625,JUST AS THE TRAIN WAS STARTING AGAR SLIPPED INTO THE VAN WITH BURGESS AND PIERCE GOT INTO A FIRST CLASS CARRIAGE,"Just as the train was starting Agar slipped into the van with Burgess, and Pierce got into a first-class carriage.",wav2vec2-small,LJSpeech,20
0.0,0.0,1.5400726795196533,1.546875,THERE REMAINS THE QUESTION OF WHAT IMPELLED OSWALD TO CONCEIVE AND TO CARRY OUT THE ASSASSINATION OF THE PRESIDENT OF THE UNITED STATES,There remains the question of what impelled Oswald to conceive and to carry out the assassination of the President of the United States.,wav2vec2-small,LJSpeech,21
0.0,0.0,1.324761152267456,-1.5078125,WOULD SEE ANYTHING IN THE NEWSPAPER ABOUT HIS DEFECTION UNLESS HE ENGAGED IN ACTIVITIES SIMILAR TO THOSE,"would see anything in the newspaper about his defection, unless he engaged in activities similar to those",wav2vec2-small,LJSpeech,22
0.058823529411764705,0.011904761904761904,1.0310909748077393,-0.515625,I WANT TO TALK WITH YOU VERY SIMPLY ABOUT THE NEED FOR PRESENT ACTION IN THIS CHRISIS,I want to talk with you very simply about the need for present action in this crisis,wav2vec2-small,LJSpeech,23
0.041666666666666664,0.007352941176470588,1.5416886806488037,19.890625,BUT THERE WERE NO SERIOUS ACCIDENTS BEYOND THOSE CAUSED BY THE GOARING OF A MADDENED OVERDRIVEN OX WHICH FORCED ITS WAY THROUGH THE CROWD,"but there were no serious accidents, beyond those caused by the goring of a maddened, over-driven ox which forced its way through the crowd.",wav2vec2-small,LJSpeech,24
0.07142857142857142,0.031578947368421054,1.2646276950836182,-20.22265625,THE HONEST OF IMPROVEMENT LAY UPON THE MAGISTRACY THE LOCAL AUTHORITIES ADMINISTERING LOCAL FUNDS,"The onus of improvement lay upon the magistracy, the local authorities administering local funds,",wav2vec2-small,LJSpeech,25
0.0,0.0,0.9315266609191895,-0.0859375,DURING THE DAYS OF HIS PROSPERITY HE WAS A GOVERNOR OF CHRIST'S HOSPITAL,"During the days of his prosperity he was a governor of Christ's Hospital,",wav2vec2-small,LJSpeech,26
0.045454545454545456,0.006993006993006993,1.6155822277069092,4.51953125,IN MANY OTHERS THERE WERE NO INFIRMARIES NO PLACEIS SET APART FOR THE CONFINEMENT OF PRISONERS AFFLICTED WITH DANGEROUS AND INFECTIOUS DISORDERS,"In many others there were no infirmaries, no places set apart for the confinement of prisoners afflicted with dangerous and infectious disorders.",wav2vec2-small,LJSpeech,27
0.0,0.0,1.2969648838043213,-1.32421875,AND ON ONE OCCASION AGENT KELLERMAN LEFT THE FRONT SEAT OF THE PRESIDENT'S CAR TO TAKE A SIMILAR POSITION,and on one occasion Agent Kellerman left the front seat of the President's car to take a similar position.,wav2vec2-small,LJSpeech,28
0.09090909090909091,0.02857142857142857,0.9961576461791992,-1.66796875,STUDYING UPON AN EMPTY STOMACH PROVOKES DISPETSIA AND INJURES THE EYES,Studying upon an empty stomach provokes dyspepsia and injures the eyes.,wav2vec2-small,LJSpeech,29
0.05263157894736842,0.008,1.7356493473052979,5.97265625,UNDER WHOLDING COMPANY DOMINATION THE UTILITY INDUSTRY HAS LONG BEEN HOPELESSLY AT WAR WITHIN ITSELF AND WITH PUBLIC SENTIMENT,under holding company domination the utility industry has long been hopelessly at war within itself and with public sentiment.,wav2vec2-small,LJSpeech,30
0.11538461538461539,0.0547945205479452,1.663501262664795,0.609375,WANERIHT WAS ALLOWED A CIGAR THE NIGHT BEFORE EXECUTION WHICH HE SMOKED IN THE PRISON YARD WALKING UP AND DOWN WITH THE GOVERNOR MISTER SIDNEY SMITH,"Wainwright was allowed a cigar the night before execution, which he smoked in the prison yard, walking up and down with the governor, Mr. Sydney Smith.",wav2vec2-small,LJSpeech,31
0.0,0.0,1.5314655303955078,-0.34765625,ABSOLUTE SECURITY IS NEITHER PRACTICAL NOR POSSIBLE AN APPROACH TO COMPLETE SECURITY WOULD REQUIRE THE PRESIDENT,Absolute security is neither practical nor possible. An approach to complete security would require the President,wav2vec2-small,LJSpeech,32
0.25,0.06,0.7307929992675781,0.82421875,FOR ACTING AS EXECUTIONER OF HOARSE MANGER LANE JAIL,For acting as executioner of Horsemonger Lane Jail,wav2vec2-small,LJSpeech,33
0.0,0.0,0.2835862636566162,-7.25,TWO YOUNG WOMEN,"Two young women,",wav2vec2-small,LJSpeech,34
0.0,0.0,1.4761064052581787,7.25,THEY WERE TAKEN BACK TO JAIL AND WERE AGAIN BROUGHT OUT IN THE AFTERNOON BY WHICH TIME FRESH AND STRONGER ROPES HAD BEEN PROCURED,"They were taken back to jail, and were again brought out in the afternoon, by which time fresh and stronger ropes had been procured,",wav2vec2-small,LJSpeech,35
0.0,0.0,0.6315217018127441,-2.5703125,GAVE MORE PEOPLE AN OPPORTUNITY TO PARTICIPATE,gave more people an opportunity to participate.,wav2vec2-small,LJSpeech,36
0.0,0.0,1.0177605152130127,1.48046875,A HANDSOME SUM WAS SUBSCRIBED FOR THE INJURED CONSTABLE WHO WAS DISABLED FOR LIFE,"A handsome sum was subscribed for the injured constable, who was disabled for life.",wav2vec2-small,LJSpeech,37
0.25,0.0673076923076923,1.2416458129882812,1.36328125,YOU WILL FIND THE MAILE BOX IN THE POST OFFICE WHICH IS LOCATED FOUR BLOCKS FROM THE DRUG STORE ON THAT STREET,You will find the mailbox in the post office which is located 4 blocks from the drugstore on that street.,wav2vec2-small,LJSpeech,38
0.08333333333333333,0.028985507246376812,1.0356898307800293,-0.44921875,NO PRISONERS SHOULD IN FUTURE BE IRON EXCEPT IN CASES OF MISCONDUCT,"No prisoners should in future be ironed, except in cases of misconduct,",wav2vec2-small,LJSpeech,39
0.0,0.0,0.9845728874206543,0.0390625,AND WITHOUT REFERENCE TO OR COMPARISON WITH THE DOCUMENTS IN WHICH THE PAYMENT WAS CLAIMED,and without reference to or comparison with the documents in which the payment was claimed.,wav2vec2-small,LJSpeech,40
0.047619047619047616,0.008264462809917356,1.4836623668670654,3.4140625,ALREADY THE SEVERITY OF OUR CRIMINAL CODE AND THE NUMBER OF CAPITAL FELLONIES UPON THE STATUTE BOOK HAD BROUGHT A REACTION,"Already the severity of our criminal code, and the number of capital felonies upon the statute book, had brought a reaction;",wav2vec2-small,LJSpeech,41
0.0,0.0,0.8547391891479492,1.36328125,OR TO ONE INDUSTRY OR TO AN INDIVIDUAL PRIVATE OCCUPATION,"or to one industry, or to an individual private occupation.",wav2vec2-small,LJSpeech,42
0.3076923076923077,0.0958904109589041,1.0186164379119873,-6.73828125,TO ISSUE NEW BONDS THEREFOR BEARING ONLY THREE AND ONE HALF PER CENT INTEREST,"to issue new bonds therefore bearing only 3 and one half percent interest,",wav2vec2-small,LJSpeech,43
0.0,0.0,0.7488589286804199,1.22265625,I COULDN'T IN ALL HONESTY SINCERELY SAY SUCH A THING,I couldn't in all honesty sincerely say such a thing.,wav2vec2-small,LJSpeech,44
0.16666666666666666,0.12380952380952381,1.4996240139007568,4.50390625,DURING THE MORNING OF NOVEMBER TWENTY ONE OSWALD ASKED PHRASIER WHETHER HE COULD RIDE HOME WITH HIM THAT AFTERNOON,"During the morning of November 21, Oswald asked Frazier whether he could ride home with him that afternoon.",wav2vec2-small,LJSpeech,45
0.1111111111111111,0.04081632653061224,1.2374930381774902,5.57421875,THEIR CRMES FOLLOW IN THE LINES OF OTHERS ALREADY FOUND AND OFTEN MORE THAN ONCE IN THE CALLANDERS,"their crimes follow in the lines of others already found, and often more than once, in the calendars.",wav2vec2-small,LJSpeech,46
0.36363636363636365,0.028169014084507043,0.9926776885986328,-6.1640625,JEWEL BOXES CLEVERLY STOLEN UNDER THE VERY NOSES OF OWNERS OR CARE TAKERS,jewel-boxes cleverly stolen under the very noses of owners or care-takers.,wav2vec2-small,LJSpeech,47
0.14285714285714285,0.012345679012345678,1.148688793182373,5.73828125,THITHER ELDER WENT ALONE PROVIDED WITH A NUMBER OF CANVAS AND ONE LARGE CARPET BAG,"Thither Elder went alone, provided with a number of canvas and one large carpet-bag.",wav2vec2-small,LJSpeech,48
0.11764705882352941,0.03614457831325301,1.0911142826080322,-0.62890625,HERTELL DROVE HIM DOWN IN A GIG TO BE KILLED AS HE TRAVELED IN THERTELL'S OWN WORDS,"Thurtell drove him down in a gig, ""to be killed as he traveled,"" in Thurtell's own words.",wav2vec2-small,LJSpeech,49
0.25,0.11363636363636363,2.507448673248291,359.27734375,HE WAS BURIED IN LAHORE NEAR ANNACALI BAZARE,He was buried in Lahore near Anarkali Bazaar.,wav2vec2-base,CommonVoice2,0
0.15384615384615385,0.03125,1.1050395965576172,1.625,A DOG TRYING TO CATCH BOBBLES FROM A BOBBLE MACHINE IN THE GRASS,A dog trying to catch bubbles from a bubble machine in the grass,wav2vec2-base,CommonVoice2,1
0.0,0.0,1.0595636367797852,-1.2421875,ONE SHOULD ALWAYS LEAVE A LIGHT BURNING IN AN EMPTY THEATRE,One should always leave a light burning in an empty theatre.,wav2vec2-base,CommonVoice2,2
0.07142857142857142,0.0375,0.8820943832397461,6.05859375,LIKE THE ROMA IN GENERAL MANY DIFFERENT ETHNEMS ARE GIVEN TO SUBGROUPS OF ROMA,"Like the Roma in general, many different ethnonyms are given to subgroups of Roma.",wav2vec2-base,CommonVoice2,3
0.0,0.0,0.8030078411102295,-5.7421875,SHE HAD TWO CHILDREN FROM HER FIRST MARRIAGE,She had two children from her first marriage.,wav2vec2-base,CommonVoice2,4
0.0,0.0,0.8878018856048584,9.63671875,CURRENTLY TWO SPECIES ARE RECOGNIZED,"Currently, two species are recognized.",wav2vec2-base,CommonVoice2,5
0.2727272727272727,0.06451612903225806,1.3673648834228516,-5.765625,EXAMPLES OF THERMOSETTING ADHESIVES ARE EPOXY POLYUROTHANE SCIONOACRELATE AND ACRYLIC POLEMERS,"Examples of thermosetting adhesives are: epoxy, polyurethane, cyanoacrylate and acrylic polymers.",wav2vec2-base,CommonVoice2,6
0.15384615384615385,0.047619047619047616,1.0123116970062256,2.921875,HIS FATHER IS THE KING OF ALSHARKS ALSO KNOWN AS THE SHARK GOD,"His father is ""The King of All Sharks""-also known as the Shark god.",wav2vec2-base,CommonVoice2,7
0.7142857142857143,0.25,0.5320286750793457,16.546875,WHOOLD ET BISH OF SWITH SO MANY QUEENS,Who need bishops with so many queens?,wav2vec2-base,CommonVoice2,8
0.2222222222222222,0.034482758620689655,0.8221547603607178,-21.234375,FLIT WAS APPOINTED TO A NUMBER OF FOUNDATION LECTORESHIPS,Flint was appointed to a number of foundation lectureships.,wav2vec2-base,CommonVoice2,9
0.0,0.0,0.9171285629272461,5.88671875,MY INITIAL ASSUMPTION ABOUT THE PHASE DISPLACED PULSE WAS WRONG,My initial assumption about the phase displaced pulse was wrong.,wav2vec2-base,CommonVoice2,10
0.0,0.0,1.381612777709961,26.36328125,HE WAS ALSO EMPLOYED THERE AS AN ASSISTANT PROFESSOR OF POLITICAL SCIENCE,He was also employed there as an assistant professor of political science.,wav2vec2-base,CommonVoice2,11
0.15384615384615385,0.02702702702702703,1.2397575378417969,-30.68359375,THE POPULARITY OF THE PLAY CREATED A DEMAND FOR PUBLICATION OF THISTORIES,The popularity of the play created a demand for publication of the stories.,wav2vec2-base,CommonVoice2,12
0.15384615384615385,0.0379746835443038,1.368654727935791,7.76953125,THE NATIVE RANGE FORMERLY EXTENDED SOUTH INTO THE GREAT LAKE SPASIN IN MICHIGAN,The native range formerly extended south into the Great Lakes basin in Michigan.,wav2vec2-base,CommonVoice2,13
0.0,0.0,0.9315996170043945,-2.8359375,I WANT TO BOOK A RESTAURANT IN NEW MEXICO FOR TWO PEOPLE,I want to book a restaurant in New Mexico for two people.,wav2vec2-base,CommonVoice2,14
0.0,0.0,0.7766871452331543,-5.58984375,A SMALL CHILD IS HELPING WITH GARDENING,A small child is helping with gardening.,wav2vec2-base,CommonVoice2,15
0.2857142857142857,0.08045977011494253,1.4990334510803223,3.44921875,THE TRAIN CONTINUED NORTH TRANSIT POLISVER NOTIFIED OF THE SITUATION AT FORDHAM RO O,The train continued north; transit police were notified of the situation at Fordham Road.,wav2vec2-base,CommonVoice2,16
0.0,0.0,0.8734331130981445,11.25390625,A GROUP OF STUDENTS ARE SITTING OUTSIDE ON CAMPUS,A group of students are sitting outside on campus.,wav2vec2-base,CommonVoice2,17
0.0,0.0,0.9660100936889648,-4.8828125,THE TREE WAS BLOWN UP AND THE SOUND COULD BE HEARD FOR MILES,The tree was blown up and the sound could be heard for miles.,wav2vec2-base,CommonVoice2,18
0.16666666666666666,0.029411764705882353,1.2819666862487793,-5.07421875,THIS AREA WAS UNDER THE SOUTHERN PART OF ANCIENT BINGAL CALLED BANGA,This area was under the southern part of ancient Bengal called Vanga.,wav2vec2-base,CommonVoice2,19
0.45454545454545453,0.12698412698412698,1.2555971145629883,4.41015625,THE ONE YEAR OLD SIMIPA WAS INSTEAD CREATED THE PRINCE OF FLANGI,The one-year-old Sima Pi was instead created the Prince of Langye.,wav2vec2-base,CommonVoice2,20
0.5,0.18085106382978725,1.2161314487457275,-0.23828125,THE AMOUNT HAF BEENDACT OF CAPLING BETWEEN TWO CONDACTORS AS MEASURED BY THEIR MUTUAL ENDACTANTS,The amount of inductive coupling between two conductors is measured by their mutual inductance.,wav2vec2-base,CommonVoice2,21
0.7142857142857143,0.3191489361702128,1.3248119354248047,-3.88671875,HER CURD TIGER IS WOMAN I DIRECTION OF MASTER,Her current title is Woman International Master.,wav2vec2-base,CommonVoice2,22
0.18181818181818182,0.05714285714285714,1.417452335357666,6.03125,CLARENCE STRAIT IS LONG EXTENDING FROM DIXEN ENTRANCE TO SOMELER STRAIT,"Clarence Strait is long, extending from Dixon Entrance to Sumner Strait.",wav2vec2-base,CommonVoice2,23
1.25,0.6491228070175439,1.0887231826782227,-2.4296875,THE UGLAND TO TE CASTLE OF THE SLAY THE JEST OF POPAGATE,The Auckland City Council recently purchased the property.,wav2vec2-base,CommonVoice2,24
0.06666666666666667,0.013888888888888888,0.9368777275085449,-5.83203125,A BICYCLIS LOOKS BEHIND HIM TO CHECK ON A GIRL RIDING A BIKE BEHIND HIM,A bicyclist looks behind him to check on a girl riding a bike behind him.,wav2vec2-base,CommonVoice2,25
0.14285714285714285,0.022727272727272728,0.9134480953216553,24.3671875,THE CITY WAS PARTLY DESTROYED BY MITHREDATES,The city was partly destroyed by Mithridates.,wav2vec2-base,CommonVoice2,26
0.08333333333333333,0.0136986301369863,1.0871732234954834,0.69140625,COMPETITION BEGINS AN APRIL AND THE FINAL IS NORMALLY PLAYED IN SEPTEMBER,"Competition begins in April, and the final is normally played in September.",wav2vec2-base,CommonVoice2,27
0.14285714285714285,0.06097560975609756,1.2655680179595947,-22.1953125,PAVED STREETS AND CENTRAL WATER AND SEWERE SERVE ALL LOTS DEVILER WITHIN THE PLAN,Paved streets and central water and sewer serve all lots developed within the plan.,wav2vec2-base,CommonVoice2,28
0.0,0.0,0.9981005191802979,6.70703125,A BRIDE GETTING READY TO THROW HER BOUQUET TO A GROUP OF WOMEN,A bride getting ready to throw her bouquet to a group of women.,wav2vec2-base,CommonVoice2,29
0.25,0.018518518518518517,1.1428709030151367,0.69140625,IT WAS DISTRIBUTED BY SO NY PICTURES HOME ENTERTAINMENT,It was distributed by Sony Pictures Home Entertainment.,wav2vec2-base,CommonVoice2,30
0.25,0.07142857142857142,1.1045541763305664,-7.9609375,THEREFORE MORE CONFLICT AND MORE LETHAL ENE DEGENERATED,"Therefore, more conflict and more lethal energy generated.",wav2vec2-base,CommonVoice2,31
0.25,0.05,1.1036467552185059,-3.73046875,PLANTS BREATHE AT IN,Plants breathe it in...,wav2vec2-base,CommonVoice2,32
0.2,0.06349206349206349,1.042142629623413,11.58984375,HE WANTED TO KNOW ABOUT THE STANESLOVSKY AND STRASBURG THEORIES,He wanted to know about the Stanislavski and Strasberg theories.,wav2vec2-base,CommonVoice2,33
0.16666666666666666,0.08333333333333333,1.2725379467010498,1.9296875,IT REMAINS THERE ONLY SINGLE TO LAND ON EITHER OF THE CHURCH,It remains their only single to land on either of the charts.,wav2vec2-base,CommonVoice2,34
0.1111111111111111,0.034482758620689655,1.3384442329406738,-9.46875,OUR COLLECTIVE RESEARCH HAS NOT CREATED A SINGLE ALGORIDM,Our collective research has not created a single algorithm.,wav2vec2-base,CommonVoice2,35
0.14285714285714285,0.01,1.4596638679504395,5.04296875,THE UNIVERSITY VICE CHANCELLOR AND OTHER OFFICIALS WERE PRESENT AS ARMED POLICE SURROUNDED THE CAMPUS,The university vice-chancellor and other officials were present as armed police surrounded the campus.,wav2vec2-base,CommonVoice2,36
0.0,0.0,1.147043228149414,7.75390625,HOWARD LAKE DEVELOPED AS A RAILROAD STATION,Howard Lake developed as a railroad station.,wav2vec2-base,CommonVoice2,37
0.3333333333333333,0.023255813953488372,0.9612929821014404,0.21484375,THE STATION ALSO AIRS UNDER CURRENTS NIGHTLY,"The station also airs ""UnderCurrents"" nightly.",wav2vec2-base,CommonVoice2,38
0.0,0.0,0.822890043258667,-14.34375,A MAN PAINTS ON AN EASEL AS PEOPLE WALK BY,A man paints on an easel as people walk by.,wav2vec2-base,CommonVoice2,39
0.3333333333333333,0.09333333333333334,1.1894104480743408,1.6171875,IN ONE QUICK MOV SHE ECTUATED THE EF CANNONS AND FIRED ON THE ENEMYSHIP,"In one quick move, she activated the aft cannons and fired on the enemy ship.",wav2vec2-base,CommonVoice2,40
0.21428571428571427,0.058823529411764705,1.5931334495544434,2.390625,THE CHARACTER IS AN ATLANTIAN OF MARVEL SHARED UNIVERSE KNOWN AS THE MARFOR UNIVERSE,"The character is an Atlantean of Marvel's shared universe, known as the Marvel Universe.",wav2vec2-base,CommonVoice2,41
0.0,0.0,0.5496695041656494,-5.0859375,AN OLD MAN SITS WITH A TRAY IN HIS LAP,An old man sits with a tray in his lap.,wav2vec2-base,CommonVoice2,42
0.36363636363636365,0.08333333333333333,1.2415096759796143,2.99609375,ON OCCASION HE IS WORN IN ARMOURED BARRLESUIT OF UNREVEALED CAPABILITIES,"On occasion, he has worn an armored battlesuit of unrevealed capabilities.",wav2vec2-base,CommonVoice2,43
0.6666666666666666,0.43636363636363634,1.1686465740203857,-0.69140625,IT DROSS EVERYLAY ON GRATFILD AND METHMATICAL WETCINE,It draws heavily on graph theory and mathematical logic.,wav2vec2-base,CommonVoice2,44
0.0,0.0,1.1593432426452637,1.54296875,IT HAD A SMALL CHANCEL AND ITS EMBATTLED WESTERN TOWER CONTAINED A SINGLE BELL,It had a small chancel and its embattled western tower contained a single bell.,wav2vec2-base,CommonVoice2,45
0.0,0.0,0.6636426448822021,-0.76171875,IT WAS ALL GONE NOW,It was all gone now.,wav2vec2-base,CommonVoice2,46
0.3,0.06557377049180328,1.0061514377593994,0.7890625,LATER HE BECAME PARSON'S DEPUTY FOR THE GUN TYPE FISHING WEAPON,Later he became Parsons' deputy for the gun-type fission weapon.,wav2vec2-base,CommonVoice2,47
0.0,0.0,0.42955708503723145,-2.6015625,GIVE THIS NOVEL FOUR STARS,Give this novel four stars,wav2vec2-base,CommonVoice2,48
0.07692307692307693,0.012987012987012988,1.4195232391357422,3.1015625,THE BRAVOS AND THE SAN PHATRICIOS WERE STATIONED ON THE LEFT BEHIND BARRICADES,"The ""Bravos"" and the ""San Patricios"" were stationed on the left, behind barricades.",wav2vec2-base,CommonVoice2,49
0.14285714285714285,0.018867924528301886,1.7001430988311768,3.71875,AT THAT STATION THE SAFES WERE GIVEN OUT HEAVY WITH SHOT NOT GOLD THE THIEVES WENT ON TO DOVER AND BY AND BY,"At that station the safes were given out, heavy with shot, not gold; the thieves went on to Dover, and by-and-by,",wav2vec2-base,LJSpeech,0
0.0,0.0,0.5079357624053955,-5.3359375,NO TRACES OF ITS MOAT HAVE APPEARED,No traces of its moat have appeared.,wav2vec2-base,LJSpeech,1
0.0,0.0,1.6204984188079834,4.4296875,A NOTORIOUS MISER ROBERT SMITH HAD RECENTLY DIED IN SEVEN DIALS WHERE HE HAD AMASSED A CONSIDERABLE FORTUNE,"A notorious miser, Robert Smith, had recently died in Seven Dials, where he had amassed a considerable fortune.",wav2vec2-base,LJSpeech,2
0.0,0.0,0.5131661891937256,-4.6953125,NO ATTEMPT WAS MADE TO MAINTAIN DISCIPLINE,No attempt was made to maintain discipline.,wav2vec2-base,LJSpeech,3
0.0,0.0,1.210172414779663,3.0078125,FEW REALIZING THAT THE DREADFUL FATE WOULD OVERTAKE THEM DISMISSED THE PROSPECT OF DEATH,"Few realizing that the dreadful fate would overtake them, dismissed the prospect of death,",wav2vec2-base,LJSpeech,4
0.625,0.6666666666666666,1.3784329891204834,16.6328125,THIS PRICE INCLUDED NINETEEN DOLLARS NINETY FIVE CENTS FOR THE RIFLE AND THE SCOPE AND ONE DOLLAR FIFTY CENTS FOR POSTAGE IN HANDLING,"This price included $19.95 for the rifle and the scope, and $1.50 for postage and handling.",wav2vec2-base,LJSpeech,5
0.0,0.0,0.990523099899292,-16.6953125,AND SHE MUST HAVE RUN DOWN THE STAIRS AHEAD OF OSWALD AND WOULD PROBABLY HAVE SEEN OR HEARD HIM,and she must have run down the stairs ahead of Oswald and would probably have seen or heard him.,wav2vec2-base,LJSpeech,6
0.25,0.045454545454545456,0.9193174839019775,-1.97265625,BREWER MET MAC DONALD AND THE OTHER POLICEMAN AT THE ALLEY EXIT DOOR,"Brewer met McDonald and the other policemen at the alley exit door,",wav2vec2-base,LJSpeech,7
0.0,0.0,1.5263028144836426,4.64453125,THE ADMISSION OF A CROWD OF VISITORS TO ASSIST IN THESE LAY SERVICES HAS ALREADY BEEN REMARKED UPON AS THE INSPECTORS POINTED OUT,"The admission of a crowd of visitors to assist in these lay services has already been remarked upon; as the inspectors pointed out,",wav2vec2-base,LJSpeech,8
0.1111111111111111,0.007751937984496124,1.5509381294250488,13.98828125,NEXT THE OFFENSES OF RETURNING FROM TRANSPORTATION STEALING POST OFFICE LETTERS AND SACRILEGE WERE NO LONGER PUNISHABLE WITH DEATH,"next, the offenses of returning from transportation, stealing post-office letters, and sacrilege were no longer punishable with death.",wav2vec2-base,LJSpeech,9
0.0,0.0,1.0182545185089111,-2.51953125,SEEMS NECESSARY TO PRODUCE THE SAME RESULT OF JUSTICE AND RIGHT CONDUCT,seems necessary to produce the same result of justice and right conduct,wav2vec2-base,LJSpeech,10
0.0,0.0,0.9640359878540039,0.06640625,WITH SOME IMPORTANT MODIFICATIONS THIS PRINCIPLE OF RADIATION IS STILL THE RULE,With some important modifications this principle of radiation is still the rule.,wav2vec2-base,LJSpeech,11
0.16666666666666666,0.04878048780487805,1.1211450099945068,1.6171875,WHEN HIS TEMPORARY RESIDENCE BLAIR HOUSE WAS ATTACKED BY PORTURICAN NATIONALISTS,"when his temporary residence, Blair House, was attacked by Puerto Rican Nationalists.",wav2vec2-base,LJSpeech,12
0.21428571428571427,0.19101123595505617,1.5105390548706055,2.31640625,THE RECONSTRUCTION WAS THE MINIMUM TIME ACCORDINGLY SHE PROBABLY MET OSWALD AT ABOUT TWELVE THIRTY TWO,"The reconstruction was the minimum time. Accordingly, she probably met Oswald at about 12:32,",wav2vec2-base,LJSpeech,13
0.0,0.0,1.5597662925720215,-33.62890625,BESIDES THESE A NUMBER HAD THE PRIVILEGE OF A RUN ON THE KEY WHICH ALLOWED A PRISONER TO GO INTO THE RULES FOR THE DAY,"Besides these, a number had the privilege of a ""run on the key,"" which allowed a prisoner to go into the rules for the day.",wav2vec2-base,LJSpeech,14
0.15,0.1693548387096774,1.8004534244537354,-11.04296875,ABUSES AND IRREGULARITIES WHICH HAD BEEN PARTIALLY REMEDIED BY THE REFORM INTRODUCED IN EIGHTEEN THIRTY SEVEN WERE ONCE MORE IN THE ASCENDANT,"Abuses and irregularities, which had been partially remedied by the reform introduced in 1837, were once more in the ascendant.",wav2vec2-base,LJSpeech,15
0.0,0.0,1.4774367809295654,12.84765625,I HOPE THAT THEREBY THE DIFFICULT PROCESS OF CONSTITUTIONAL AMENDMENT MAY BE RENDERED UNNECESSARY BUT,"I hope that thereby the difficult process of constitutional amendment may be rendered unnecessary. But,",wav2vec2-base,LJSpeech,16
0.0,0.0,1.3183214664459229,-1.98046875,CAN BE DISTINGUISHED FROM THOSE ACTS OF CONTRACTION FOLLOWING UPON STIMULI WHICH ARE CALLED REFLEX IN ANIMALS,"can be distinguished from those acts of contraction following upon stimuli, which are called ""reflex"" in animals.",wav2vec2-base,LJSpeech,17
0.0,0.0,1.4020485877990723,-5.203125,A WEIGHT OF SHOT WAS BOUGHT AND STOWED IN CARPET BAGS READY TO REPLACE EXACTLY THE ABSTRACTED GOLD,A weight of shot was bought and stowed in carpet bags ready to replace exactly the abstracted gold.,wav2vec2-base,LJSpeech,18
0.0,0.0,1.4965729713439941,8.6640625,THOU COVEREST THE FOULEST DEEDS WITH THE FAIREST POSSIBLE NAME WHEN THOU SAYEST THY MAIMING IS TO HELP OUR SIEGE FORWARD,"thou coverest the foulest deeds with the fairest possible name, when thou sayest thy maiming is to help our siege forward.",wav2vec2-base,LJSpeech,19
0.1,0.009009009009009009,1.4634711742401123,-14.0703125,JUST AS THE TRAIN WAS STARTING AGAR SLIPPED INTO THE VAN WITH BURGESS AND PIERCE GOT INTO A FIRST CLASS CARRIAGE,"Just as the train was starting Agar slipped into the van with Burgess, and Pierce got into a first-class carriage.",wav2vec2-base,LJSpeech,20
0.0,0.0,1.6238808631896973,6.88671875,THERE REMAINS THE QUESTION OF WHAT IMPELLED OSWALD TO CONCEIVE AND TO CARRY OUT THE ASSASSINATION OF THE PRESIDENT OF THE UNITED STATES,There remains the question of what impelled Oswald to conceive and to carry out the assassination of the President of the United States.,wav2vec2-base,LJSpeech,21
0.0,0.0,1.228086233139038,1.38671875,WOULD SEE ANYTHING IN THE NEWSPAPER ABOUT HIS DEFECTION UNLESS HE ENGAGED IN ACTIVITIES SIMILAR TO THOSE,"would see anything in the newspaper about his defection, unless he engaged in activities similar to those",wav2vec2-base,LJSpeech,22
0.0,0.0,1.0059211254119873,0.19140625,I WANT TO TALK WITH YOU VERY SIMPLY ABOUT THE NEED FOR PRESENT ACTION IN THIS CRISIS,I want to talk with you very simply about the need for present action in this crisis,wav2vec2-base,LJSpeech,23
0.0,0.0,1.618910551071167,-1.234375,BUT THERE WERE NO SERIOUS ACCIDENTS BEYOND THOSE CAUSED BY THE GORING OF A MADDENED OVERDRIVEN OX WHICH FORCED ITS WAY THROUGH THE CROWD,"but there were no serious accidents, beyond those caused by the goring of a maddened, over-driven ox which forced its way through the crowd.",wav2vec2-base,LJSpeech,24
0.07142857142857142,0.031578947368421054,1.1852519512176514,-8.68359375,THE HONEST OF IMPROVEMENT LAY UPON THE MAGISTRACY THE LOCAL AUTHORITIES ADMINISTERING LOCAL FUNDS,"The onus of improvement lay upon the magistracy, the local authorities administering local funds,",wav2vec2-base,LJSpeech,25
0.0,0.0,0.9236376285552979,-1.41796875,DURING THE DAYS OF HIS PROSPERITY HE WAS A GOVERNOR OF CHRIST'S HOSPITAL,"During the days of his prosperity he was a governor of Christ's Hospital,",wav2vec2-base,LJSpeech,26
0.09090909090909091,0.013986013986013986,1.5804438591003418,10.69140625,IN MANY OTHERS THERE WERE NO INFIRMARIES NO PLACE IS SET APART FOR THE CONFINEMENT OF PRISONERS AFFLICTED WITH DANGEROUS AND INFECTIOUS DISORDERS,"In many others there were no infirmaries, no places set apart for the confinement of prisoners afflicted with dangerous and infectious disorders.",wav2vec2-base,LJSpeech,27
0.0,0.0,1.2465577125549316,-7.0546875,AND ON ONE OCCASION AGENT KELLERMAN LEFT THE FRONT SEAT OF THE PRESIDENT'S CAR TO TAKE A SIMILAR POSITION,and on one occasion Agent Kellerman left the front seat of the President's car to take a similar position.,wav2vec2-base,LJSpeech,28
0.09090909090909091,0.014285714285714285,0.9833986759185791,2.765625,STUDYING UPON AN EMPTY STOMACH PROVOKES DYSPESIA AND INJURES THE EYES,Studying upon an empty stomach provokes dyspepsia and injures the eyes.,wav2vec2-base,LJSpeech,29
0.0,0.0,1.739701509475708,-1.16015625,UNDER HOLDING COMPANY DOMINATION THE UTILITY INDUSTRY HAS LONG BEEN HOPELESSLY AT WAR WITHIN ITSELF AND WITH PUBLIC SENTIMENT,under holding company domination the utility industry has long been hopelessly at war within itself and with public sentiment.,wav2vec2-base,LJSpeech,30
0.07692307692307693,0.03424657534246575,1.8158082962036133,-0.01171875,WAINWRIGHT WAS ALLOWED A CIGAR THE NIGHT BEFORE EXECUTION WHICH HE SMOKED IN THE PRISON YARD WALKING UP AND DOWN WITH THE GOVERNOR MISTER SIDNEY SMITH,"Wainwright was allowed a cigar the night before execution, which he smoked in the prison yard, walking up and down with the governor, Mr. Sydney Smith.",wav2vec2-base,LJSpeech,31
0.0,0.0,1.444544792175293,6.14453125,ABSOLUTE SECURITY IS NEITHER PRACTICAL NOR POSSIBLE AN APPROACH TO COMPLETE SECURITY WOULD REQUIRE THE PRESIDENT,Absolute security is neither practical nor possible. An approach to complete security would require the President,wav2vec2-base,LJSpeech,32
0.0,0.0,0.7676970958709717,20.234375,FOR ACTING AS EXECUTIONER OF HORSEMONGER LANE JAIL,For acting as executioner of Horsemonger Lane Jail,wav2vec2-base,LJSpeech,33
0.0,0.0,0.2708420753479004,-2.30859375,TWO YOUNG WOMEN,"Two young women,",wav2vec2-base,LJSpeech,34
0.0,0.0,1.4549427032470703,-15.59765625,THEY WERE TAKEN BACK TO JAIL AND WERE AGAIN BROUGHT OUT IN THE AFTERNOON BY WHICH TIME FRESH AND STRONGER ROPES HAD BEEN PROCURED,"They were taken back to jail, and were again brought out in the afternoon, by which time fresh and stronger ropes had been procured,",wav2vec2-base,LJSpeech,35
0.0,0.0,0.561211109161377,-2.47265625,GAVE MORE PEOPLE AN OPPORTUNITY TO PARTICIPATE,gave more people an opportunity to participate.,wav2vec2-base,LJSpeech,36
0.0,0.0,1.126051425933838,0.859375,A HANDSOME SUM WAS SUBSCRIBED FOR THE INJURED CONSTABLE WHO WAS DISABLED FOR LIFE,"A handsome sum was subscribed for the injured constable, who was disabled for life.",wav2vec2-base,LJSpeech,37
0.25,0.057692307692307696,1.2381107807159424,-4.1015625,YOU WILL FIND THE MAIL BOX IN THE POST OFFICE WHICH IS LOCATED FOUR BLOCKS FROM THE DRUG STORE ON THAT STREET,You will find the mailbox in the post office which is located 4 blocks from the drugstore on that street.,wav2vec2-base,LJSpeech,38
0.0,0.0,1.008275032043457,3.515625,NO PRISONERS SHOULD IN FUTURE BE IRONED EXCEPT IN CASES OF MISCONDUCT,"No prisoners should in future be ironed, except in cases of misconduct,",wav2vec2-base,LJSpeech,39
0.0,0.0,0.9915657043457031,-4.15234375,AND WITHOUT REFERENCE TO OR COMPARISON WITH THE DOCUMENTS IN WHICH THE PAYMENT WAS CLAIMED,and without reference to or comparison with the documents in which the payment was claimed.,wav2vec2-base,LJSpeech,40
0.0,0.0,1.7975077629089355,2.2265625,ALREADY THE SEVERITY OF OUR CRIMINAL CODE AND THE NUMBER OF CAPITAL FELONIES UPON THE STATUTE BOOK HAD BROUGHT A REACTION,"Already the severity of our criminal code, and the number of capital felonies upon the statute book, had brought a reaction;",wav2vec2-base,LJSpeech,41
0.1,0.017543859649122806,0.8389873504638672,2.8984375,OR TO ANE INDUSTRY OR TO AN INDIVIDUAL PRIVATE OCCUPATION,"or to one industry, or to an individual private occupation.",wav2vec2-base,LJSpeech,42
0.23076923076923078,0.0821917808219178,0.9559357166290283,-0.19921875,TO ISSUE NEW BONDS THEREFORE BEARING ONLY THREE AND ONE HALF PER CENT INTEREST,"to issue new bonds therefore bearing only 3 and one half percent interest,",wav2vec2-base,LJSpeech,43
0.0,0.0,0.7486352920532227,22.65234375,I COULDN'T IN ALL HONESTY SINCERELY SAY SUCH A THING,I couldn't in all honesty sincerely say such a thing.,wav2vec2-base,LJSpeech,44
0.16666666666666666,0.10476190476190476,1.4125103950500488,-24.75,DURING THE MORNING OF NOVEMBER TWENTY ONE OSWALD ASKED FRASIER WHETHER HE COULD RIDE HOME WITH HIM THAT AFTERNOON,"During the morning of November 21, Oswald asked Frazier whether he could ride home with him that afternoon.",wav2vec2-base,LJSpeech,45
0.0,0.0,1.242706298828125,-0.42578125,THEIR CRIMES FOLLOW IN THE LINES OF OTHERS ALREADY FOUND AND OFTEN MORE THAN ONCE IN THE CALENDARS,"their crimes follow in the lines of others already found, and often more than once, in the calendars.",wav2vec2-base,LJSpeech,46
0.18181818181818182,0.028169014084507043,1.0236732959747314,3.23828125,JEWEL BOXIS CLEVERLY STOLEN UNDER THE VERY NOSES OF OWNERS OR CARETAKERS,jewel-boxes cleverly stolen under the very noses of owners or care-takers.,wav2vec2-base,LJSpeech,47
0.14285714285714285,0.012345679012345678,1.1616780757904053,-3.3828125,THITHER ELDER WENT ALONE PROVIDED WITH A NUMBER OF CANVAS AND ONE LARGE CARPET BAG,"Thither Elder went alone, provided with a number of canvas and one large carpet-bag.",wav2vec2-base,LJSpeech,48
0.17647058823529413,0.07228915662650602,1.1949841976165771,4.3828125,HERTELLE DROVE HIM DOWN IN A GIG TO BE KILLED AS HE TRAVELLED IN THERTELLE'S OWN WORDS,"Thurtell drove him down in a gig, ""to be killed as he traveled,"" in Thurtell's own words.",wav2vec2-base,LJSpeech,49
0.125,0.022727272727272728,13.822263956069946,1021.37109375, He was buried in Lahore near Anakali Bazaar.,He was buried in Lahore near Anarkali Bazaar.,whisper-small,CommonVoice2,0
0.0,0.0,11.466020345687866,-17.70703125, A dog trying to catch bubbles from a bubble machine in the grass.,A dog trying to catch bubbles from a bubble machine in the grass,whisper-small,CommonVoice2,1
0.09090909090909091,0.03389830508474576,11.030349254608154,-0.2890625, One should always leave a light burning in an empty theater.,One should always leave a light burning in an empty theatre.,whisper-small,CommonVoice2,2
0.0,0.0,12.43880581855774,1.109375," Like the Roma in general, many different ethnonyms are given to subgroups of Roma.","Like the Roma in general, many different ethnonyms are given to subgroups of Roma.",whisper-small,CommonVoice2,3
0.0,0.0,10.932143926620483,-15.7890625, She had two children from her first marriage.,She had two children from her first marriage.,whisper-small,CommonVoice2,4
0.0,0.0,10.886892318725586,-13.2890625," Currently, two species are recognized.","Currently, two species are recognized.",whisper-small,CommonVoice2,5
0.0,0.0,12.951517820358276,3.05859375," Examples of thermosetting adhesives are epoxy, polyurethane, cyanoacrylate, and acrylic polymers.","Examples of thermosetting adhesives are: epoxy, polyurethane, cyanoacrylate and acrylic polymers.",whisper-small,CommonVoice2,6
0.15384615384615385,0.015873015873015872,11.558361768722534,6.5234375, His father is the king of all sharks also known as the Shark God.,"His father is ""The King of All Sharks""-also known as the Shark god.",whisper-small,CommonVoice2,7
0.14285714285714285,0.08333333333333333,11.813617467880249,-8.5703125, Who did bishops with so many queens?,Who need bishops with so many queens?,whisper-small,CommonVoice2,8
1.0,0.6724137931034483,12.953561782836914,1.71875, Fylltwys wedi'i gwybod i'r ffandais o'r ffandais.,Flint was appointed to a number of foundation lectureships.,whisper-small,CommonVoice2,9
0.0,0.0,10.84273362159729,12.640625, My initial assumption about the phase displaced pulse was wrong.,My initial assumption about the phase displaced pulse was wrong.,whisper-small,CommonVoice2,10
0.0,0.0,11.311758995056152,-0.421875, He was also employed there as an assistant professor of political science.,He was also employed there as an assistant professor of political science.,whisper-small,CommonVoice2,11
0.0,0.0,12.068925380706787,1.4921875, The popularity of the play created a demand for publication of the stories.,The popularity of the play created a demand for publication of the stories.,whisper-small,CommonVoice2,12
0.07692307692307693,0.02531645569620253,12.73885703086853,-13.1328125, The native range formally extended south into the Great Lakes Basin in Michigan.,The native range formerly extended south into the Great Lakes basin in Michigan.,whisper-small,CommonVoice2,13
0.0,0.0,11.363315343856812,0.703125, I want to book a restaurant in New Mexico for two people.,I want to book a restaurant in New Mexico for two people.,whisper-small,CommonVoice2,14
0.0,0.0,11.127347230911255,0.328125, A small child is helping with gardening.,A small child is helping with gardening.,whisper-small,CommonVoice2,15
0.0,0.0,13.204649448394775,-3.79296875," The train continued north, transit police were notified of the situation at Fordham Road.",The train continued north; transit police were notified of the situation at Fordham Road.,whisper-small,CommonVoice2,16
0.0,0.0,12.27515959739685,3.8671875, A group of students are sitting outside on campus.,A group of students are sitting outside on campus.,whisper-small,CommonVoice2,17
0.0,0.0,11.63657283782959,1.10546875, The tree was blown up and the sound could be heard for miles.,The tree was blown up and the sound could be heard for miles.,whisper-small,CommonVoice2,18
0.08333333333333333,0.014705882352941176,11.816576480865479,12.6640625, This area was under the southern part of ancient Bengal called Banga.,This area was under the southern part of ancient Bengal called Vanga.,whisper-small,CommonVoice2,19
0.36363636363636365,0.07936507936507936,12.071860551834106,0.890625, The one year old Sima Pi was instead created the Prince of Vlangi.,The one-year-old Sima Pi was instead created the Prince of Langye.,whisper-small,CommonVoice2,20
0.0,0.0,12.066549301147461,2.5, The amount of inductive coupling between two conductors is measured by their mutual inductance.,The amount of inductive coupling between two conductors is measured by their mutual inductance.,whisper-small,CommonVoice2,21
0.0,0.0,11.210770845413208,-1.7421875, Her current title is Woman International Master.,Her current title is Woman International Master.,whisper-small,CommonVoice2,22
0.2727272727272727,0.1,12.598545551300049,-13.20703125, Clarence straight is long extending from diction entrance to Sumner straight.,"Clarence Strait is long, extending from Dixon Entrance to Sumner Strait.",whisper-small,CommonVoice2,23
0.375,0.2982456140350877,12.144328832626343,1.19921875, The Oakland City Council officially suggests the property.,The Auckland City Council recently purchased the property.,whisper-small,CommonVoice2,24
0.0,0.0,12.189162492752075,2.16015625, A bicyclist looks behind him to check on a girl riding a bike behind him.,A bicyclist looks behind him to check on a girl riding a bike behind him.,whisper-small,CommonVoice2,25
0.0,0.0,11.61617660522461,-2.21484375, The city was partly destroyed by Mithridates.,The city was partly destroyed by Mithridates.,whisper-small,CommonVoice2,26
0.0,0.0,11.78522253036499,-4.1796875," Competition begins in April, and the final is normally played in September.","Competition begins in April, and the final is normally played in September.",whisper-small,CommonVoice2,27
0.0,0.0,12.2628014087677,9.5703125, Paved streets and central water and sewer serve all lots developed within the plan.,Paved streets and central water and sewer serve all lots developed within the plan.,whisper-small,CommonVoice2,28
0.0,0.0,11.271787166595459,-4.796875, A bride getting ready to throw her bouquet to a group of women.,A bride getting ready to throw her bouquet to a group of women.,whisper-small,CommonVoice2,29
0.0,0.0,11.0378737449646,-409.984375, It was distributed by Sony Pictures Home Entertainment.,It was distributed by Sony Pictures Home Entertainment.,whisper-small,CommonVoice2,30
0.0,0.0,10.95880913734436,4.96484375," Therefore, more conflict and more lethal energy generated.","Therefore, more conflict and more lethal energy generated.",whisper-small,CommonVoice2,31
0.0,0.0,10.448723077774048,9.796875, Plants breathe it in.,Plants breathe it in...,whisper-small,CommonVoice2,32
0.1,0.015873015873015872,11.779199600219727,-8.546875, He wanted to know about the Stanislavski and Strasburg theories.,He wanted to know about the Stanislavski and Strasberg theories.,whisper-small,CommonVoice2,33
0.08333333333333333,0.06666666666666667,11.065744161605835,-4.72265625, It remains their only single to land on either of the Churches.,It remains their only single to land on either of the charts.,whisper-small,CommonVoice2,34
0.0,0.0,10.68858814239502,1.046875, Our collective research has not created a single algorithm.,Our collective research has not created a single algorithm.,whisper-small,CommonVoice2,35
0.14285714285714285,0.01,11.540700674057007,5.6171875, The University Vice Chancellor and other officials were present as armed police surrounded the campus.,The university vice-chancellor and other officials were present as armed police surrounded the campus.,whisper-small,CommonVoice2,36
0.0,0.0,10.967510223388672,0.29296875, Howard Lake developed as a railroad station.,Howard Lake developed as a railroad station.,whisper-small,CommonVoice2,37
0.3333333333333333,0.046511627906976744,12.498177528381348,9.15234375, The station also airs under current nightly.,"The station also airs ""UnderCurrents"" nightly.",whisper-small,CommonVoice2,38
0.0,0.0,11.004190921783447,-8.1640625, A man paints on an easel as people walk by.,A man paints on an easel as people walk by.,whisper-small,CommonVoice2,39
0.0,0.0,12.285998344421387,0.60546875, In one quick move she activated the aft cannons and fired on the enemy ship.,"In one quick move, she activated the aft cannons and fired on the enemy ship.",whisper-small,CommonVoice2,40
0.07142857142857142,0.011764705882352941,11.472472190856934,5.3828125, The character is an Atlantean of Marvel Shared Universe known as the Marvel Universe.,"The character is an Atlantean of Marvel's shared universe, known as the Marvel Universe.",whisper-small,CommonVoice2,41
0.0,0.0,11.18216872215271,-5.25390625, An old man sits with a tray in his lap.,An old man sits with a tray in his lap.,whisper-small,CommonVoice2,42
0.2727272727272727,0.027777777777777776,22.566782236099243,23.6796875, On occasion he has won an armored battle suit of unrevealed capabilities.,"On occasion, he has worn an armored battlesuit of unrevealed capabilities.",whisper-small,CommonVoice2,43
24.666666666666668,15.836363636363636,58.41180491447449,8.19140625, kwa kwa kwa kwa kwa kwa kwa kwa kwa kwa kwa kwa kwa kwa kwa kwa kwa kwa kwa kwa kwa kwa kwa kwa kwa kwa kwa kwa kwa kwa kwa kwa kwa kwa kwa kwa kwa kwa kwa kwa kwa kwa kwa kwa kwa kwa kwa kwa kwa kwa kwa kwa kwa kwa kwa kwa kwa kwa kwa kwa kwa kwa kwa kwa kwa kwa kwa kwa kwa kwa kwa kwa kwa kwa kwa kwa kwa kwa kwa kwa kwa kwa kwa kwa kwa kwa kwa kwa kwa kwa kwa kwa kwa kwa kwa kwa kwa kwa kwa kwa kwa kwa kwa kwa kwa kwa kwa kwa kwa kwa kwa kwa kwa kwa kwa kwa kwa kwa kwa kwa kwa kwa kwa kwa kwa kwa kwa kwa kwa kwa kwa kwa kwa kwa kwa kwa kwa kwa kwa kwa kwa kwa kwa kwa kwa kwa kwa kwa kwa kwa kwa kwa kwa kwa kwa kwa kwa kwa kwa kwa kwa kwa kwa kwa kwa kwa kwa kwa kwa kwa kwa kwa kwa kwa kwa kwa kwa kwa kwa kwa kwa kwa kwa kwa kwa kwa kwa kwa kwa kwa kwa kwa kwa kwa kwa kwa kwa kwa kwa kwa kwa kwa kwa kwa kwa kwa kwa kwa kwa kwa kwa kwa kwa kwa kwa kwa kwa kwa kwa kwa kwa kwa,It draws heavily on graph theory and mathematical logic.,whisper-small,CommonVoice2,44
0.0,0.0,10.422286033630371,-9.13671875," It had a small chancel, and its embattled western tower contained a single bell.",It had a small chancel and its embattled western tower contained a single bell.,whisper-small,CommonVoice2,45
0.0,0.0,9.513154029846191,1.171875, It was all gone now.,It was all gone now.,whisper-small,CommonVoice2,46
0.3,0.06557377049180328,10.662841320037842,1.3125, Later he became Parsons deputy for the gun type fishing weapon.,Later he became Parsons' deputy for the gun-type fission weapon.,whisper-small,CommonVoice2,47
0.0,0.0,10.41991138458252,3.45703125, Give this novel four stars.,Give this novel four stars,whisper-small,CommonVoice2,48
0.0,0.0,11.733382225036621,-0.73828125, The bravos and the san patricios were stationed on the left behind barricades.,"The ""Bravos"" and the ""San Patricios"" were stationed on the left, behind barricades.",whisper-small,CommonVoice2,49
0.14285714285714285,0.018867924528301886,12.87965202331543,6.5390625," At that station the safes were given out, heavy with shot, not gold. The thieves went on to Dover, and, by and by,","At that station the safes were given out, heavy with shot, not gold; the thieves went on to Dover, and by-and-by,",whisper-small,LJSpeech,0
0.0,0.0,10.744513273239136,-4.23046875, No traces of its moat have appeared.,No traces of its moat have appeared.,whisper-small,LJSpeech,1
0.0,0.0,12.679815292358398,-4.4296875," A notorious miser, Robert Smith, had recently died in seven dials where he had amassed a considerable fortune.","A notorious miser, Robert Smith, had recently died in Seven Dials, where he had amassed a considerable fortune.",whisper-small,LJSpeech,2
0.0,0.0,10.772709369659424,-0.4140625, No attempt was made to maintain discipline.,No attempt was made to maintain discipline.,whisper-small,LJSpeech,3
0.0,0.0,11.770106554031372,0.59375, few realizing that the dreadful fate would overtake them dismissed the prospect of death.,"Few realizing that the dreadful fate would overtake them, dismissed the prospect of death,",whisper-small,LJSpeech,4
0.0,0.0,12.12978744506836,2.64453125, This price included $19.95 for the rifle and the scope and $1.50 for postage and handling.,"This price included $19.95 for the rifle and the scope, and $1.50 for postage and handling.",whisper-small,LJSpeech,5
0.0,0.0,12.678788900375366,4.5859375, and she must have run down the stairs ahead of Oswald and would probably have seen or heard him.,and she must have run down the stairs ahead of Oswald and would probably have seen or heard him.,whisper-small,LJSpeech,6
0.0,0.0,500.1450345516205,-26.37890625, Brewer met McDonald and the other policemen at the alley exit door.,"Brewer met McDonald and the other policemen at the alley exit door,",whisper-small,LJSpeech,7
0.0,0.0,13.05959153175354,0.71484375," The admission of a crowd of visitors to assist in these lay services has already been remarked upon, as the inspectors pointed out.","The admission of a crowd of visitors to assist in these lay services has already been remarked upon; as the inspectors pointed out,",whisper-small,LJSpeech,8
0.1111111111111111,0.007751937984496124,10.765021800994873,6.515625," Next, the offenses of returning from transportation, stealing post office letters and sacrilege were no longer punishable with death.","next, the offenses of returning from transportation, stealing post-office letters, and sacrilege were no longer punishable with death.",whisper-small,LJSpeech,9
0.0,0.0,10.288028478622437,-7.40234375, seems necessary to produce the same result of justice and right conduct,seems necessary to produce the same result of justice and right conduct,whisper-small,LJSpeech,10
0.0,0.0,10.26358151435852,1.359375," with some important modifications, this principle of radiation is still the rule.",With some important modifications this principle of radiation is still the rule.,whisper-small,LJSpeech,11
0.0,0.0,10.855836153030396,-0.75," when his temporary residence, Blair House, was attacked by Puerto Rican nationalists.","when his temporary residence, Blair House, was attacked by Puerto Rican Nationalists.",whisper-small,LJSpeech,12
0.0,0.0,10.691514015197754,7.33984375," The reconstruction was the minimum time. Accordingly, she probably met Oswald at about 1232.","The reconstruction was the minimum time. Accordingly, she probably met Oswald at about 12:32,",whisper-small,LJSpeech,13
0.0,0.0,11.74023151397705,-17.22265625," Besides these, a number had the privilege of a run on the key, which allowed a prisoner to go into the rules for the day.","Besides these, a number had the privilege of a ""run on the key,"" which allowed a prisoner to go into the rules for the day.",whisper-small,LJSpeech,14
0.0,0.0,12.563523292541504,29.6015625," Abuses and irregularities, which had been partially remedied by the reform introduced in 1837, were once more in the Ascendant.","Abuses and irregularities, which had been partially remedied by the reform introduced in 1837, were once more in the ascendant.",whisper-small,LJSpeech,15
0.0,0.0,12.685356616973877,-20.2265625, I hope that thereby the difficult process of constitutional amendment may be rendered unnecessary. But,"I hope that thereby the difficult process of constitutional amendment may be rendered unnecessary. But,",whisper-small,LJSpeech,16
0.0,0.0,12.702788829803467,16.27734375, can be distinguished from those acts of contraction following upon stimuli which are called reflex in animals.,"can be distinguished from those acts of contraction following upon stimuli, which are called ""reflex"" in animals.",whisper-small,LJSpeech,17
0.0,0.0,12.849003553390503,4.95703125, A weight of shot was bought and stowed in carpet bags ready to replace exactly the abstracted gold.,A weight of shot was bought and stowed in carpet bags ready to replace exactly the abstracted gold.,whisper-small,LJSpeech,18
0.0,0.0,13.614166736602783,0.58203125," Thou coverest the foulest deeds with the fairest possible name, When thou sayest thy maiming is to help our siege forward,","thou coverest the foulest deeds with the fairest possible name, when thou sayest thy maiming is to help our siege forward.",whisper-small,LJSpeech,19
0.0,0.0,16.221460580825806,-32.65234375," Just as the train was starting, Agar slipped into the van with Burgess and Pierce got into a first-class carriage.","Just as the train was starting Agar slipped into the van with Burgess, and Pierce got into a first-class carriage.",whisper-small,LJSpeech,20
0.0,0.0,13.77889108657837,2.3828125, There remains the question of what impelled Oswald to conceive and to carry out the assassination of the President of the United States.,There remains the question of what impelled Oswald to conceive and to carry out the assassination of the President of the United States.,whisper-small,LJSpeech,21
0.0,0.0,13.312142610549927,-0.0703125, would see anything in the newspaper about his defection unless he engaged in activities similar to those,"would see anything in the newspaper about his defection, unless he engaged in activities similar to those",whisper-small,LJSpeech,22
0.0,0.0,11.728238105773926,4.9296875, I want to talk with you very simply about the need for present action in this crisis.,I want to talk with you very simply about the need for present action in this crisis,whisper-small,LJSpeech,23
0.0,0.0,13.16284728050232,-0.16015625," But there were no serious accidents beyond those caused by the goring of a maddened, overdriven ox, which forced its way through the crowd.","but there were no serious accidents, beyond those caused by the goring of a maddened, over-driven ox which forced its way through the crowd.",whisper-small,LJSpeech,24
0.07142857142857142,0.031578947368421054,11.685756921768188,18.6015625," the honest of improvement lay upon the magistracy, the local authorities administering local funds.","The onus of improvement lay upon the magistracy, the local authorities administering local funds,",whisper-small,LJSpeech,25
0.0,0.0,12.493954420089722,-4.8671875," During the days of his prosperity, he was a governor of Christ's hospital.","During the days of his prosperity he was a governor of Christ's Hospital,",whisper-small,LJSpeech,26
0.09090909090909091,0.013986013986013986,13.219507694244385,2.87890625," In many others, there were no infirmaries. No place is set apart for the confinement of prisoners afflicted with dangerous and infectious disorders.","In many others there were no infirmaries, no places set apart for the confinement of prisoners afflicted with dangerous and infectious disorders.",whisper-small,LJSpeech,27
0.0,0.0,12.62627100944519,-0.37109375," And on one occasion, Agent Kellerman left the front seat of the President's car to take a similar position.",and on one occasion Agent Kellerman left the front seat of the President's car to take a similar position.,whisper-small,LJSpeech,28
0.0,0.0,11.300625085830688,-13.15234375, Studying upon an empty stomach provokes dyspepsia and injures the eyes.,Studying upon an empty stomach provokes dyspepsia and injures the eyes.,whisper-small,LJSpeech,29
0.0,0.0,9.997011184692383,0.38671875," under holding company domination, the utility industry has long been hopelessly at war within itself and with public sentiment.",under holding company domination the utility industry has long been hopelessly at war within itself and with public sentiment.,whisper-small,LJSpeech,30
0.038461538461538464,0.00684931506849315,9.951092958450317,14.12890625," Wainwright was allowed a cigar the night before execution, which he smoked in the prison yard, walking up and down with the governor, Mr. Sidney Smith.","Wainwright was allowed a cigar the night before execution, which he smoked in the prison yard, walking up and down with the governor, Mr. Sydney Smith.",whisper-small,LJSpeech,31
0.0,0.0,9.879680156707764,0.80078125, Absolute security is neither practical nor possible. An approach to complete security would require the president,Absolute security is neither practical nor possible. An approach to complete security would require the President,whisper-small,LJSpeech,32
0.0,0.0,9.86642599105835,-0.578125, for acting as executioner of horsemonger Lane jail.,For acting as executioner of Horsemonger Lane Jail,whisper-small,LJSpeech,33
0.3333333333333333,0.06666666666666667,9.765153408050537,5.4921875, to young women.,"Two young women,",whisper-small,LJSpeech,34
0.0,0.0,11.777986288070679,-2.828125," They were taken back to jail, and were again brought out in the afternoon, by which time fresh and stronger ropes had been procured","They were taken back to jail, and were again brought out in the afternoon, by which time fresh and stronger ropes had been procured,",whisper-small,LJSpeech,35
0.0,0.0,9.986654996871948,-14.6171875, gave more people an opportunity to participate.,gave more people an opportunity to participate.,whisper-small,LJSpeech,36
0.0,0.0,10.269231081008911,1.453125, A handsome sum was subscribed for the injured constable who was disabled for life.,"A handsome sum was subscribed for the injured constable, who was disabled for life.",whisper-small,LJSpeech,37
0.05,0.038461538461538464,10.014820098876953,2.71875, You will find the mailbox in the post office which is located four blocks from the drugstore on that street.,You will find the mailbox in the post office which is located 4 blocks from the drugstore on that street.,whisper-small,LJSpeech,38
0.0,0.0,8.391619205474854,2.578125," No prisoners should in future be ironed, except in cases of misconduct.","No prisoners should in future be ironed, except in cases of misconduct,",whisper-small,LJSpeech,39
0.0,0.0,8.837833404541016,-20.85546875, and without reference to or comparison with the documents in which the payment was claimed.,and without reference to or comparison with the documents in which the payment was claimed.,whisper-small,LJSpeech,40
0.0,0.0,10.488930463790894,1.86328125," Already, the severity of our criminal code and the number of capital felonies upon the statute book had brought a reaction.","Already the severity of our criminal code, and the number of capital felonies upon the statute book, had brought a reaction;",whisper-small,LJSpeech,41
0.0,0.0,8.9048593044281,33.18359375, or to one industry or to an individual private occupation.,"or to one industry, or to an individual private occupation.",whisper-small,LJSpeech,42
0.38461538461538464,0.2876712328767123,9.322516441345215,-21.2578125," To issue new bonds, therefore bearing only 3.5% interest,","to issue new bonds therefore bearing only 3 and one half percent interest,",whisper-small,LJSpeech,43
0.0,0.0,8.110860109329224,17.08984375," I couldn't in all honesty, sincerely say such a thing.",I couldn't in all honesty sincerely say such a thing.,whisper-small,LJSpeech,44
0.0,0.0,8.065773725509644,-10.66796875," During the morning of November 21, Oswald asked Frazier whether he could ride home with him that afternoon.","During the morning of November 21, Oswald asked Frazier whether he could ride home with him that afternoon.",whisper-small,LJSpeech,45
0.0,0.0,7.906038522720337,-3.44921875, Their crimes follow in the lines of others already found and often more than once in the calendars.,"their crimes follow in the lines of others already found, and often more than once, in the calendars.",whisper-small,LJSpeech,46
0.2727272727272727,0.04225352112676056,7.960094690322876,26.0625, Jewel box is cleverly stolen under the very noses of owners or caretakers.,jewel-boxes cleverly stolen under the very noses of owners or care-takers.,whisper-small,LJSpeech,47
0.14285714285714285,0.012345679012345678,9.483692646026611,-20.53125," Thither, Elder went alone, provided with a number of canvas and one large carpet bag.","Thither Elder went alone, provided with a number of canvas and one large carpet-bag.",whisper-small,LJSpeech,48
0.11764705882352941,0.04819277108433735,9.620123386383057,17.51953125, Thertel drove him down in a gig to be killed as he traveled in Thertel's own words.,"Thurtell drove him down in a gig, ""to be killed as he traveled,"" in Thurtell's own words.",whisper-small,LJSpeech,49
0.375,0.11363636363636363,4.840826511383057,1240.85546875,he was buried in lahour near anacali bazar,He was buried in Lahore near Anarkali Bazaar.,xlsr-english,CommonVoice2,0
0.15384615384615385,0.03125,2.2132396697998047,76.2265625,a dog trying to catch bobbles from a bobble machine in the grass,A dog trying to catch bubbles from a bubble machine in the grass,xlsr-english,CommonVoice2,1
0.09090909090909091,0.01694915254237288,1.972123384475708,5.10546875,one should always leave a light burning in an empty theatr,One should always leave a light burning in an empty theatre.,xlsr-english,CommonVoice2,2
0.0,0.0,1.8058338165283203,6.01171875,like the roma in general many different ethnonyms are given to subgroups of roma,"Like the Roma in general, many different ethnonyms are given to subgroups of Roma.",xlsr-english,CommonVoice2,3
0.0,0.0,1.4751226902008057,-14.58203125,she had two children from her first marriage,She had two children from her first marriage.,xlsr-english,CommonVoice2,4
0.0,0.0,1.568490743637085,3.17578125,currently two species are recognized,"Currently, two species are recognized.",xlsr-english,CommonVoice2,5
0.2727272727272727,0.053763440860215055,2.7345898151397705,32.0625,examples of thermosetting adhesives are epoxi polyeurothane cyanoacrolyte and acrylic polymers,"Examples of thermosetting adhesives are: epoxy, polyurethane, cyanoacrylate and acrylic polymers.",xlsr-english,CommonVoice2,6
0.15384615384615385,0.015873015873015872,2.0697221755981445,-5.23046875,his father is the king of all sharks also known as the shark god,"His father is ""The King of All Sharks""-also known as the Shark god.",xlsr-english,CommonVoice2,7
0.0,0.0,0.9620540142059326,-14.6875,who need bishops with so many queens,Who need bishops with so many queens?,xlsr-english,CommonVoice2,8
0.2222222222222222,0.034482758620689655,1.4315686225891113,-7.78125,flint was appointed to a number of foundation lectura ships,Flint was appointed to a number of foundation lectureships.,xlsr-english,CommonVoice2,9
0.0,0.0,1.8010051250457764,4.546875,my initial assumption about the phase displaced pulse was wrong,My initial assumption about the phase displaced pulse was wrong.,xlsr-english,CommonVoice2,10
0.0,0.0,2.716183662414551,3.171875,he was also employed there as an assistant professor of political science,He was also employed there as an assistant professor of political science.,xlsr-english,CommonVoice2,11
0.0,0.0,2.105694055557251,4.00390625,the popularity of the play created a demand for publication of the stories,The popularity of the play created a demand for publication of the stories.,xlsr-english,CommonVoice2,12
0.07692307692307693,0.02531645569620253,2.614838123321533,8.00390625,the native range formally extended south into the great lakes basin in michigan,The native range formerly extended south into the Great Lakes basin in Michigan.,xlsr-english,CommonVoice2,13
0.0,0.0,1.7965660095214844,-9.28515625,i want to book a restaurant in new mexico for two people,I want to book a restaurant in New Mexico for two people.,xlsr-english,CommonVoice2,14
0.0,0.0,1.3934400081634521,8.09375,a small child is helping with gardening,A small child is helping with gardening.,xlsr-english,CommonVoice2,15
0.0,0.0,2.959506034851074,7.67578125,the train continued north transit police were notified of the situation at fordham road,The train continued north; transit police were notified of the situation at Fordham Road.,xlsr-english,CommonVoice2,16
0.0,0.0,1.5984265804290771,50.4609375,a group of students are sitting outside on campus,A group of students are sitting outside on campus.,xlsr-english,CommonVoice2,17
0.0,0.0,1.7862777709960938,8.28515625,the tree was blown up and the sound could be heard for miles,The tree was blown up and the sound could be heard for miles.,xlsr-english,CommonVoice2,18
0.16666666666666666,0.029411764705882353,2.4840619564056396,-22.36328125,this area was under the southern part of ancient bengau called banga,This area was under the southern part of ancient Bengal called Vanga.,xlsr-english,CommonVoice2,19
0.36363636363636365,0.07936507936507936,2.4157838821411133,8.921875,the one year-old simer pi was instead created the prince of vlange,The one-year-old Sima Pi was instead created the Prince of Langye.,xlsr-english,CommonVoice2,20
0.07142857142857142,0.0425531914893617,2.279855251312256,-4.11328125,the amount of inductive coupling between two conductors is measured by their mutual inductors,The amount of inductive coupling between two conductors is measured by their mutual inductance.,xlsr-english,CommonVoice2,21
0.0,0.0,2.4782209396362305,6.9375,her current title is woman international master,Her current title is Woman International Master.,xlsr-english,CommonVoice2,22
0.18181818181818182,0.05714285714285714,2.6349706649780273,9.29296875,clarence straight is long extending from dickon entrance to sumner strait,"Clarence Strait is long, extending from Dixon Entrance to Sumner Strait.",xlsr-english,CommonVoice2,23
0.625,0.3684210526315789,2.3641064167022705,-72.4453125,the akland city castle of italy suggests the property,The Auckland City Council recently purchased the property.,xlsr-english,CommonVoice2,24
0.0,0.0,1.8034255504608154,-7.703125,a bicyclist looks behind him to check on a girl riding a bike behind him,A bicyclist looks behind him to check on a girl riding a bike behind him.,xlsr-english,CommonVoice2,25
0.14285714285714285,0.022727272727272728,1.710740089416504,9.859375,the city was partly destroyed by mythridates,The city was partly destroyed by Mithridates.,xlsr-english,CommonVoice2,26
0.0,0.0,1.904564619064331,0.1484375,competition begins in april and the final is normally played in september,"Competition begins in April, and the final is normally played in September.",xlsr-english,CommonVoice2,27
0.14285714285714285,0.06097560975609756,2.4115612506866455,1.53125,paved streets and central water and seaward serve all lots develop within the plan,Paved streets and central water and sewer serve all lots developed within the plan.,xlsr-english,CommonVoice2,28
0.07692307692307693,0.016129032258064516,1.6633288860321045,24.7578125,a brid getting ready to throw her bouquet to a group of women,A bride getting ready to throw her bouquet to a group of women.,xlsr-english,CommonVoice2,29
0.0,0.0,1.8814764022827148,-21.5,it was distributed by sony picture's home entertainment,It was distributed by Sony Pictures Home Entertainment.,xlsr-english,CommonVoice2,30
0.125,0.017857142857142856,2.1742231845855713,1.78125,therefore more conflict and more leathal energy generated,"Therefore, more conflict and more lethal energy generated.",xlsr-english,CommonVoice2,31
0.25,0.05,1.7773313522338867,-227.30078125,plants breath it in,Plants breathe it in...,xlsr-english,CommonVoice2,32
0.2,0.047619047619047616,1.5747900009155273,32.92578125,he wanted to know about the stanislovsky and strosberg theories,He wanted to know about the Stanislavski and Strasberg theories.,xlsr-english,CommonVoice2,33
0.08333333333333333,0.05,1.9674208164215088,-0.58984375,it remains their only single to land on either of the churchs,It remains their only single to land on either of the charts.,xlsr-english,CommonVoice2,34
0.0,0.0,2.0476222038269043,3.921875,our collective research has not created a single algorithm,Our collective research has not created a single algorithm.,xlsr-english,CommonVoice2,35
0.0,0.0,2.174854278564453,1.58984375,the university vice-chancellor and other officials were present as armed police surrounded the campus,The university vice-chancellor and other officials were present as armed police surrounded the campus.,xlsr-english,CommonVoice2,36
0.0,0.0,1.6444766521453857,-1.0390625,howard lake developed as a railroad station,Howard Lake developed as a railroad station.,xlsr-english,CommonVoice2,37
0.0,0.0,1.6530609130859375,-28.2890625,the station also airs undercurrents nightly,"The station also airs ""UnderCurrents"" nightly.",xlsr-english,CommonVoice2,38
0.0,0.0,1.3642644882202148,-0.6875,a man paints on an easel as people walk by,A man paints on an easel as people walk by.,xlsr-english,CommonVoice2,39
0.13333333333333333,0.02666666666666667,1.986809253692627,14.76171875,in one quick move she activated the ft canons and fired on the enemy ship,"In one quick move, she activated the aft cannons and fired on the enemy ship.",xlsr-english,CommonVoice2,40
0.14285714285714285,0.03529411764705882,2.657625913619995,1.6640625,the character is an atlantean of marvel shade universe known as the marvel universe,"The character is an Atlantean of Marvel's shared universe, known as the Marvel Universe.",xlsr-english,CommonVoice2,41
0.0,0.0,0.8843016624450684,-3.1015625,an old man sits with a tray in his lap,An old man sits with a tray in his lap.,xlsr-english,CommonVoice2,42
0.09090909090909091,0.013888888888888888,2.028994083404541,4.31640625,on occasion he has won an armored battlesuit of unrevealed capabilities,"On occasion, he has worn an armored battlesuit of unrevealed capabilities.",xlsr-english,CommonVoice2,43
0.3333333333333333,0.18181818181818182,1.7333505153656006,21.84375,it draws heavily on rafh tho and mathematical lature,It draws heavily on graph theory and mathematical logic.,xlsr-english,CommonVoice2,44
0.0,0.0,2.040310859680176,-9.86328125,it had a small chancel and its embattled western tower contained a single bell,It had a small chancel and its embattled western tower contained a single bell.,xlsr-english,CommonVoice2,45
0.0,0.0,1.0405166149139404,-4.71875,it was all gone now,It was all gone now.,xlsr-english,CommonVoice2,46
0.0,0.0,1.8609859943389893,5.45703125,later he became parsons' deputy for the gun-type fission weapon,Later he became Parsons' deputy for the gun-type fission weapon.,xlsr-english,CommonVoice2,47
0.0,0.0,0.8349592685699463,-10.60546875,give this novel four stars,Give this novel four stars,xlsr-english,CommonVoice2,48
0.0,0.0,2.1310346126556396,13.5625,the bravos and the san patricios were stationed on the left behind barricades,"The ""Bravos"" and the ""San Patricios"" were stationed on the left, behind barricades.",xlsr-english,CommonVoice2,49
0.19047619047619047,0.03773584905660377,3.3398056030273438,0.5078125,at that station the sapes were given out heavy with shot not gold the thiefes went on to dover and by and-bye,"At that station the safes were given out, heavy with shot, not gold; the thieves went on to Dover, and by-and-by,",xlsr-english,LJSpeech,0
0.14285714285714285,0.05714285714285714,0.861090898513794,-8.046875,no traces of its mote have appeared,No traces of its moat have appeared.,xlsr-english,LJSpeech,1
0.1111111111111111,0.018691588785046728,3.747314691543579,25.45703125,a notorious misor robert smith had recently died in seven dials where he had amasked a considerable fortune,"A notorious miser, Robert Smith, had recently died in Seven Dials, where he had amassed a considerable fortune.",xlsr-english,LJSpeech,2
0.0,0.0,0.925358772277832,-22.0390625,no attempt was made to maintain discipline,No attempt was made to maintain discipline.,xlsr-english,LJSpeech,3
0.07142857142857142,0.011363636363636364,2.190558671951294,3.0546875,few realising that the dreadful fate would overtake them dismissed the prospect of death,"Few realizing that the dreadful fate would overtake them, dismissed the prospect of death,",xlsr-english,LJSpeech,4
0.5,0.632183908045977,2.821568727493286,7.25390625,this price included nineteen dollars ninety-five cents for the rifle and the scope and one dollar fifty cents for postage and handling,"This price included $19.95 for the rifle and the scope, and $1.50 for postage and handling.",xlsr-english,LJSpeech,5
0.0,0.0,1.8773725032806396,-5.0,and she must have run down the stairs ahead of oswald and would probably have seen or heard him,and she must have run down the stairs ahead of Oswald and would probably have seen or heard him.,xlsr-english,LJSpeech,6
0.0,0.0,1.427473783493042,2.9140625,brewer met mcdonald and the other policemen at the alley exit door,"Brewer met McDonald and the other policemen at the alley exit door,",xlsr-english,LJSpeech,7
0.08695652173913043,0.007751937984496124,2.7919092178344727,1.9765625,the admission of a crowd of visitors to assist in these lay services has already been remarked uponas the inspectors pointed out,"The admission of a crowd of visitors to assist in these lay services has already been remarked upon; as the inspectors pointed out,",xlsr-english,LJSpeech,8
0.16666666666666666,0.015503875968992248,3.0095224380493164,15.51171875,next the offences of returning from transportation stealing post office letters and sacrilege were no longer punishable with death,"next, the offenses of returning from transportation, stealing post-office letters, and sacrilege were no longer punishable with death.",xlsr-english,LJSpeech,9
0.0,0.0,1.8739798069000244,-15.08984375,seems necessary to produce the same result of justice and right conduct,seems necessary to produce the same result of justice and right conduct,xlsr-english,LJSpeech,10
0.0,0.0,1.8999342918395996,0.3671875,with some important modifications this principle of radiation is still the rule,With some important modifications this principle of radiation is still the rule.,xlsr-english,LJSpeech,11
0.25,0.036585365853658534,2.293107748031616,1.38671875,when his temporary residence blarhouse was attacked by puerto recan nationalists,"when his temporary residence, Blair House, was attacked by Puerto Rican Nationalists.",xlsr-english,LJSpeech,12
0.07142857142857142,0.16853932584269662,2.592379570007324,0.17578125,the reconstruction was the minimum time accordingly she probably met oswald at about twelve-thirty-two,"The reconstruction was the minimum time. Accordingly, she probably met Oswald at about 12:32,",xlsr-english,LJSpeech,13
0.16,0.05084745762711865,3.0768380165100098,9.55078125,besides these a number had the privilege of a run-on-the key which allowed a prisoner to go into  rules for the day,"Besides these, a number had the privilege of a ""run on the key,"" which allowed a prisoner to go into the rules for the day.",xlsr-english,LJSpeech,14
0.05,0.1532258064516129,3.2509639263153076,26.5078125,abuses and irregularities which had been partially remedied by the reform introduced in eighteen-thirty-seven were once more in the ascendant,"Abuses and irregularities, which had been partially remedied by the reform introduced in 1837, were once more in the ascendant.",xlsr-english,LJSpeech,15
0.13333333333333333,0.009900990099009901,2.930215358734131,1.0234375,i hope that thereby the difficult process of constitutional amendment may be rendered unnecessarybut,"I hope that thereby the difficult process of constitutional amendment may be rendered unnecessary. But,",xlsr-english,LJSpeech,16
0.058823529411764705,0.009174311926605505,2.9504003524780273,-1.91796875,can be distinguished from those acts of contraction following upon stimuly which are called reflex in animals,"can be distinguished from those acts of contraction following upon stimuli, which are called ""reflex"" in animals.",xlsr-english,LJSpeech,17
0.0,0.0,3.354299545288086,-24.46484375,a weight of shot was bought and stowed in carpet bags ready to replace exactly the abstracted gold,A weight of shot was bought and stowed in carpet bags ready to replace exactly the abstracted gold.,xlsr-english,LJSpeech,18
0.09523809523809523,0.016666666666666666,3.75740385055542,24.84765625,thou coverest the foullest deeds with the fairest possible name when thou sayest thy maming is to help our siege forward,"thou coverest the foulest deeds with the fairest possible name, when thou sayest thy maiming is to help our siege forward.",xlsr-english,LJSpeech,19
0.1,0.018018018018018018,3.3441951274871826,-20.1875,just as the train was starting aggar slipped into the van with burges and pierce got into a first-class carriage,"Just as the train was starting Agar slipped into the van with Burgess, and Pierce got into a first-class carriage.",xlsr-english,LJSpeech,20
0.043478260869565216,0.007407407407407408,3.0881330966949463,21.359375,here remains the question of what impelled oswald to conceive and to carry out the assassination of the president of the united states,There remains the question of what impelled Oswald to conceive and to carry out the assassination of the President of the United States.,xlsr-english,LJSpeech,21
0.058823529411764705,0.038461538461538464,2.311635732650757,-25.55859375,would see anything in  newspaper about his defection unless he engaged in activities similar to those,"would see anything in the newspaper about his defection, unless he engaged in activities similar to those",xlsr-english,LJSpeech,22
0.0,0.0,2.0148801803588867,30.4921875,i want to talk with you very simply about the need for present action in this crisis,I want to talk with you very simply about the need for present action in this crisis,xlsr-english,LJSpeech,23
0.0,0.0,3.069915771484375,-27.69140625,but there were no serious accidents beyond those caused by the goring of a maddened overdriven ox which forced its way through the crowd,"but there were no serious accidents, beyond those caused by the goring of a maddened, over-driven ox which forced its way through the crowd.",xlsr-english,LJSpeech,24
0.07142857142857142,0.031578947368421054,2.4972052574157715,-0.07421875,the honiss of improvement lay upon the magistracy the local authorities administering local funds,"The onus of improvement lay upon the magistracy, the local authorities administering local funds,",xlsr-english,LJSpeech,25
0.0,0.0,1.8260040283203125,-2.98828125,during the days of his prosperity he was a governor of christ's hospital,"During the days of his prosperity he was a governor of Christ's Hospital,",xlsr-english,LJSpeech,26
0.0,0.0,3.10691499710083,6.3203125,in many others there were no infirmaries no places set apart for the confinement of prisoners afflicted with dangerous and infectious disorders,"In many others there were no infirmaries, no places set apart for the confinement of prisoners afflicted with dangerous and infectious disorders.",xlsr-english,LJSpeech,27
0.0,0.0,2.4318912029266357,-1.6328125,and on one occasion agent kellerman left the front seat of the president's car to take a similar position,and on one occasion Agent Kellerman left the front seat of the President's car to take a similar position.,xlsr-english,LJSpeech,28
0.0,0.0,1.8834269046783447,0.22265625,studying upon an empty stomach provokes dyspepsia and injures the eyes,Studying upon an empty stomach provokes dyspepsia and injures the eyes.,xlsr-english,LJSpeech,29
0.0,0.0,3.347646474838257,6.37890625,under holding company domination the utility industry has long been hopelessly at war within itself and with public sentiment,under holding company domination the utility industry has long been hopelessly at war within itself and with public sentiment.,xlsr-english,LJSpeech,30
0.038461538461538464,0.0136986301369863,3.474248170852661,0.30078125,waynright was allowed a cigar the night before execution which he smoked in the prison yard walking up and down with the governor mr sydney smith,"Wainwright was allowed a cigar the night before execution, which he smoked in the prison yard, walking up and down with the governor, Mr. Sydney Smith.",xlsr-english,LJSpeech,31
0.125,0.008928571428571428,3.291699171066284,-0.93359375,absolute security is neither practical nor possiblean approach to complete security would require the president,Absolute security is neither practical nor possible. An approach to complete security would require the President,xlsr-english,LJSpeech,32
0.0,0.0,1.4231886863708496,-4.3359375,for acting as executioner of horsemonger lane jail,For acting as executioner of Horsemonger Lane Jail,xlsr-english,LJSpeech,33
0.0,0.0,0.639556884765625,1.29296875,two young women,"Two young women,",xlsr-english,LJSpeech,34
0.0,0.0,2.9085381031036377,32.96875,they were taken back to jail and were again brought out in the afternoon by which time fresh and stronger ropes had been procured,"They were taken back to jail, and were again brought out in the afternoon, by which time fresh and stronger ropes had been procured,",xlsr-english,LJSpeech,35
0.0,0.0,1.116805076599121,-22.43359375,gave more people an opportunity to participate,gave more people an opportunity to participate.,xlsr-english,LJSpeech,36
0.0,0.0,1.8007423877716064,0.23828125,a handsome sum was subscribed for the injured constable who was disabled for life,"A handsome sum was subscribed for the injured constable, who was disabled for life.",xlsr-english,LJSpeech,37
0.05,0.038461538461538464,2.2532272338867188,1.515625,you will find the mailbox in the post office which is located four blocks from the drugstore on that street,You will find the mailbox in the post office which is located 4 blocks from the drugstore on that street.,xlsr-english,LJSpeech,38
0.0,0.0,1.9570066928863525,8.0625,no prisoners should in future be ironed except in cases of misconduct,"No prisoners should in future be ironed, except in cases of misconduct,",xlsr-english,LJSpeech,39
0.0,0.0,1.798938512802124,12.359375,and without reference to or comparison with the documents in which the payment was claimed,and without reference to or comparison with the documents in which the payment was claimed.,xlsr-english,LJSpeech,40
0.0,0.0,2.9434077739715576,-20.83984375,already the severity of our criminal code and the number of capital felonies upon the statute book had brought a reaction,"Already the severity of our criminal code, and the number of capital felonies upon the statute book, had brought a reaction;",xlsr-english,LJSpeech,41
0.0,0.0,1.507777452468872,24.9765625,or to one industry or to an individual private occupation,"or to one industry, or to an individual private occupation.",xlsr-english,LJSpeech,42
0.23076923076923078,0.0821917808219178,1.7841377258300781,-2.46875,to issue new bonds therefore bearing only three and one-half percent interest,"to issue new bonds therefore bearing only 3 and one half percent interest,",xlsr-english,LJSpeech,43
0.0,0.0,1.3072514533996582,0.28125,i couldnt in all honesty sincerely say such a thing,I couldn't in all honesty sincerely say such a thing.,xlsr-english,LJSpeech,44
0.1111111111111111,0.09523809523809523,2.734457015991211,-19.125,during the morning of november twenty-one oswald asked frasier whether he could ride home with him that afternoon,"During the morning of November 21, Oswald asked Frazier whether he could ride home with him that afternoon.",xlsr-english,LJSpeech,45
0.16666666666666666,0.061224489795918366,2.2806098461151123,2.67578125,ere are crimes follow ing the lines of others already found and often more than once in the calendars,"their crimes follow in the lines of others already found, and often more than once, in the calendars.",xlsr-english,LJSpeech,46
0.0,0.0,1.8837428092956543,-7.35546875,jewelboxes cleverly stolen under the very noses of owners or caretakers,jewel-boxes cleverly stolen under the very noses of owners or care-takers.,xlsr-english,LJSpeech,47
0.14285714285714285,0.012345679012345678,2.0964598655700684,20.390625,thither elder went alone provided with a number of canvas and one large carpet bag,"Thither Elder went alone, provided with a number of canvas and one large carpet-bag.",xlsr-english,LJSpeech,48
0.17647058823529413,0.07228915662650602,1.9727089405059814,1.40234375,hertel drove him down in a gig to be killed as he travelled in thortel's own words,"Thurtell drove him down in a gig, ""to be killed as he traveled,"" in Thurtell's own words.",xlsr-english,LJSpeech,49
